A01,A02,2
C01,A02,2
A01,A03,4
C01,A03,4
A01,A04,6
C01,A04,6
A01,A05,9
C01,A05,9
A01,A06,11
C01,A06,11
A01,A07,13
C01,A07,13
A01,A08,15
C01,A08,15
A01,A09,18
C01,A09,18
A01,A10,20
C01,A10,20
A01,A11,23
C01,A11,23
A01,A12,26
C01,A12,26
A01,A13,29
C01,A13,29
A01,A14,32
C01,A14,32
A01,A15,36
C01,A15,36
A01,B01,2
C01,B01,2
A01,F01,2
C01,F01,2
A01,B02,4
C01,B02,4
A01,B03,6
C01,B03,6
A01,B04,10
C01,B04,10
A01,B05,12
C01,B05,12
A01,B06,15
C01,B06,15
A01,E06,15
C01,E06,15
A01,B07,18
C01,B07,18
A01,B08,21
C01,B08,21
A01,B09,24
C01,B09,24
A01,B10,27
C01,B10,27
A01,B11,31
C01,B11,31
A01,C02,1
C01,C02,1
A01,C03,2
C01,C03,2
A01,C04,4
C01,C04,4
A01,C05,7
C01,C05,7
A01,C06,9
C01,C06,9
A01,C07,12
C01,C07,12
A01,C08,13
C01,C08,13
A01,C09,15
C01,C09,15
A01,C12,22
C01,C12,22
A01,C13,24
C01,C13,24
A01,C14,29
C01,C14,29
A01,C15,30
C01,C15,30
A01,D01,1
C01,D01,1
A01,D02,3
C01,D02,3
A01,D04,7
C01,D04,7
A01,D05,9
C01,D05,9
A01,D06,11
C01,D06,11
A01,D07,13
C01,D07,13
A01,D08,14
C01,D08,14
A01,D09,18
C01,D09,18
A01,D10,20
C01,D10,20
A01,D11,22
C01,D11,22
A01,D12,25
C01,D12,25
A01,D13,28
C01,D13,28
A01,E01,9
C01,E01,9
A01,E02,10
C01,E02,10
A01,E03,12
C01,E03,12
A01,E04,14
C01,E04,14
A01,E05,17
C01,E05,17
A01,E07,23
C01,E07,23
A01,E08,26
C01,E08,26
A01,E09,29
C01,E09,29
A01,E10,32
C01,E10,32
A01,F02,8
C01,F02,8
A01,D03,5
C01,D03,5
A01,F03,5
C01,F03,5
A01,F04,12
C01,F04,12
A01,F05,14
C01,F05,14
A01,F06,16
C01,F06,16
A01,F07,19
C01,F07,19
A01,F09,24
C01,F09,24
A01,F10,26
C01,F10,26
A01,F11,29
C01,F11,29
A01,G01,17
C01,G01,17
A01,G02,20
C01,G02,20
A01,G03,23
C01,G03,23
A01,C10,17
C01,C10,17
A01,J02,29
C01,J02,29
A01,J03,35
C01,J03,35
A01,K01,10
C01,K01,10
A01,K02,12
C01,K02,12
A01,K03,13
C01,K03,13
A01,K04,15
C01,K04,15
A01,K05,19
C01,K05,19
A01,K06,22
C01,K06,22
A01,K07,26
C01,K07,26
A01,K08,29
C01,K08,29
A01,F08,21
C01,F08,21
A01,B35,8
C01,B35,8
A01,G05,29
C01,G05,29
A01,G04,26
C01,G04,26
A01,N01,27
C01,N01,27
A01,N02,29
C01,N02,29
A01,N03,31
C01,N03,31
A01,N04,33
C01,N04,33
A01,N06,41
C01,N06,41
A02,A01,2
A02,C01,2
A02,A03,2
A02,A04,4
A02,A05,7
A02,A06,9
A02,A07,11
A02,A08,13
A02,A09,16
A02,A10,18
A02,A11,21
A02,A12,24
A02,A13,27
A02,A14,30
A02,A15,34
A02,B01,4
A02,F01,4
A02,B02,6
A02,B03,8
A02,B04,12
A02,B05,14
A02,B06,17
A02,E06,17
A02,B07,20
A02,B08,23
A02,B09,26
A02,B10,29
A02,B11,33
A02,C02,8
A02,C03,9
A02,C04,11
A02,C05,14
A02,C06,16
A02,C07,17
A02,C08,18
A02,C09,20
A02,C12,27
A02,C13,29
A02,C14,31
A02,C15,32
A02,D01,8
A02,D02,10
A02,D04,14
A02,D05,16
A02,D06,18
A02,D07,20
A02,D08,21
A02,D09,25
A02,D10,27
A02,D11,29
A02,D12,32
A02,D13,35
A02,E01,11
A02,E02,12
A02,E03,14
A02,E04,16
A02,E05,19
A02,E07,25
A02,E08,28
A02,E09,31
A02,E10,34
A02,F02,10
A02,D03,12
A02,F03,12
A02,F04,14
A02,F05,16
A02,F06,18
A02,F07,21
A02,F09,26
A02,F10,28
A02,F11,31
A02,G01,24
A02,G02,27
A02,G03,30
A02,C10,22
A02,J02,36
A02,J03,42
A02,K01,17
A02,K02,19
A02,K03,20
A02,K04,22
A02,K05,26
A02,K06,29
A02,K07,33
A02,K08,36
A02,F08,23
A02,B35,10
A02,G05,36
A02,G04,33
A02,N01,34
A02,N02,36
A02,N03,38
A02,N04,40
A02,N06,48
A03,A01,4
A03,C01,4
A03,A02,2
A03,A04,2
A03,A05,5
A03,A06,7
A03,A07,9
A03,A08,11
A03,A09,14
A03,A10,16
A03,A11,19
A03,A12,22
A03,A13,25
A03,A14,28
A03,A15,32
A03,B01,6
A03,F01,6
A03,B02,8
A03,B03,10
A03,B04,14
A03,B05,16
A03,B06,19
A03,E06,19
A03,B07,22
A03,B08,25
A03,B09,28
A03,B10,31
A03,B11,35
A03,C02,10
A03,C03,11
A03,C04,13
A03,C05,16
A03,C06,18
A03,C07,19
A03,C08,20
A03,C09,22
A03,C12,29
A03,C13,31
A03,C14,33
A03,C15,34
A03,D01,10
A03,D02,12
A03,D04,16
A03,D05,18
A03,D06,20
A03,D07,22
A03,D08,23
A03,D09,27
A03,D10,29
A03,D11,31
A03,D12,34
A03,D13,37
A03,E01,13
A03,E02,14
A03,E03,16
A03,E04,18
A03,E05,21
A03,E07,27
A03,E08,30
A03,E09,33
A03,E10,36
A03,F02,12
A03,D03,14
A03,F03,14
A03,F04,16
A03,F05,18
A03,F06,20
A03,F07,23
A03,F09,28
A03,F10,30
A03,F11,33
A03,G01,26
A03,G02,29
A03,G03,32
A03,C10,24
A03,J02,38
A03,J03,44
A03,K01,19
A03,K02,21
A03,K03,22
A03,K04,24
A03,K05,28
A03,K06,31
A03,K07,35
A03,K08,38
A03,F08,25
A03,B35,12
A03,G05,38
A03,G04,35
A03,N01,36
A03,N02,38
A03,N03,40
A03,N04,42
A03,N06,50
A04,A01,6
A04,C01,6
A04,A02,4
A04,A03,2
A04,A05,3
A04,A06,5
A04,A07,7
A04,A08,9
A04,A09,12
A04,A10,14
A04,A11,17
A04,A12,20
A04,A13,23
A04,A14,26
A04,A15,30
A04,B01,8
A04,F01,8
A04,B02,10
A04,B03,12
A04,B04,16
A04,B05,18
A04,B06,21
A04,E06,21
A04,B07,24
A04,B08,27
A04,B09,30
A04,B10,33
A04,B11,37
A04,C02,12
A04,C03,13
A04,C04,15
A04,C05,18
A04,C06,20
A04,C07,21
A04,C08,22
A04,C09,24
A04,C12,31
A04,C13,33
A04,C14,35
A04,C15,36
A04,D01,12
A04,D02,14
A04,D04,18
A04,D05,20
A04,D06,22
A04,D07,24
A04,D08,25
A04,D09,29
A04,D10,31
A04,D11,33
A04,D12,36
A04,D13,39
A04,E01,15
A04,E02,16
A04,E03,18
A04,E04,20
A04,E05,23
A04,E07,29
A04,E08,32
A04,E09,35
A04,E10,38
A04,F02,14
A04,D03,16
A04,F03,16
A04,F04,18
A04,F05,20
A04,F06,22
A04,F07,25
A04,F09,30
A04,F10,32
A04,F11,35
A04,G01,28
A04,G02,31
A04,G03,34
A04,C10,26
A04,J02,40
A04,J03,46
A04,K01,21
A04,K02,23
A04,K03,24
A04,K04,26
A04,K05,30
A04,K06,33
A04,K07,37
A04,K08,40
A04,F08,27
A04,B35,14
A04,G05,40
A04,G04,37
A04,N01,38
A04,N02,40
A04,N03,42
A04,N04,44
A04,N06,52
A05,A01,9
A05,C01,9
A05,A02,7
A05,A03,5
A05,A04,3
A05,A06,2
A05,A07,4
A05,A08,6
A05,A09,9
A05,A10,11
A05,A11,14
A05,A12,17
A05,A13,20
A05,A14,23
A05,A15,27
A05,B01,11
A05,F01,11
A05,B02,13
A05,B03,15
A05,B04,19
A05,B05,21
A05,B06,24
A05,E06,24
A05,B07,27
A05,B08,30
A05,B09,33
A05,B10,36
A05,B11,40
A05,C02,15
A05,C03,16
A05,C04,18
A05,C05,21
A05,C06,23
A05,C07,24
A05,C08,25
A05,C09,27
A05,C12,34
A05,C13,36
A05,C14,38
A05,C15,39
A05,D01,15
A05,D02,17
A05,D04,21
A05,D05,23
A05,D06,25
A05,D07,27
A05,D08,28
A05,D09,32
A05,D10,34
A05,D11,36
A05,D12,39
A05,D13,42
A05,E01,18
A05,E02,19
A05,E03,21
A05,E04,23
A05,E05,26
A05,E07,32
A05,E08,35
A05,E09,38
A05,E10,41
A05,F02,17
A05,D03,19
A05,F03,19
A05,F04,21
A05,F05,23
A05,F06,25
A05,F07,28
A05,F09,33
A05,F10,35
A05,F11,38
A05,G01,31
A05,G02,34
A05,G03,37
A05,C10,29
A05,J02,43
A05,J03,49
A05,K01,24
A05,K02,26
A05,K03,27
A05,K04,29
A05,K05,33
A05,K06,36
A05,K07,40
A05,K08,43
A05,F08,30
A05,B35,17
A05,G05,43
A05,G04,40
A05,N01,41
A05,N02,43
A05,N03,45
A05,N04,47
A05,N06,55
A06,A01,11
A06,C01,11
A06,A02,9
A06,A03,7
A06,A04,5
A06,A05,2
A06,A07,2
A06,A08,4
A06,A09,7
A06,A10,9
A06,A11,12
A06,A12,15
A06,A13,18
A06,A14,21
A06,A15,25
A06,B01,13
A06,F01,13
A06,B02,15
A06,B03,17
A06,B04,21
A06,B05,23
A06,B06,26
A06,E06,26
A06,B07,29
A06,B08,32
A06,B09,35
A06,B10,38
A06,B11,42
A06,C02,17
A06,C03,18
A06,C04,20
A06,C05,23
A06,C06,25
A06,C07,26
A06,C08,27
A06,C09,29
A06,C12,36
A06,C13,38
A06,C14,40
A06,C15,41
A06,D01,17
A06,D02,19
A06,D04,23
A06,D05,25
A06,D06,27
A06,D07,29
A06,D08,30
A06,D09,34
A06,D10,36
A06,D11,38
A06,D12,41
A06,D13,44
A06,E01,20
A06,E02,21
A06,E03,23
A06,E04,25
A06,E05,28
A06,E07,34
A06,E08,37
A06,E09,40
A06,E10,43
A06,F02,19
A06,D03,21
A06,F03,21
A06,F04,23
A06,F05,25
A06,F06,27
A06,F07,30
A06,F09,35
A06,F10,37
A06,F11,40
A06,G01,33
A06,G02,36
A06,G03,39
A06,C10,31
A06,J02,45
A06,J03,51
A06,K01,26
A06,K02,28
A06,K03,29
A06,K04,31
A06,K05,35
A06,K06,38
A06,K07,42
A06,K08,45
A06,F08,32
A06,B35,19
A06,G05,45
A06,G04,42
A06,N01,43
A06,N02,45
A06,N03,47
A06,N04,49
A06,N06,57
A07,A01,13
A07,C01,13
A07,A02,11
A07,A03,9
A07,A04,7
A07,A05,4
A07,A06,2
A07,A08,2
A07,A09,5
A07,A10,7
A07,A11,10
A07,A12,13
A07,A13,16
A07,A14,19
A07,A15,23
A07,B01,15
A07,F01,15
A07,B02,17
A07,B03,19
A07,B04,23
A07,B05,25
A07,B06,28
A07,E06,28
A07,B07,31
A07,B08,34
A07,B09,37
A07,B10,40
A07,B11,44
A07,C02,19
A07,C03,20
A07,C04,22
A07,C05,25
A07,C06,27
A07,C07,28
A07,C08,29
A07,C09,31
A07,C12,38
A07,C13,40
A07,C14,42
A07,C15,43
A07,D01,19
A07,D02,21
A07,D04,25
A07,D05,27
A07,D06,29
A07,D07,31
A07,D08,32
A07,D09,36
A07,D10,38
A07,D11,40
A07,D12,43
A07,D13,46
A07,E01,22
A07,E02,23
A07,E03,25
A07,E04,27
A07,E05,30
A07,E07,36
A07,E08,39
A07,E09,42
A07,E10,45
A07,F02,21
A07,D03,23
A07,F03,23
A07,F04,25
A07,F05,27
A07,F06,29
A07,F07,32
A07,F09,37
A07,F10,39
A07,F11,42
A07,G01,35
A07,G02,38
A07,G03,41
A07,C10,33
A07,J02,47
A07,J03,53
A07,K01,28
A07,K02,30
A07,K03,31
A07,K04,33
A07,K05,37
A07,K06,40
A07,K07,44
A07,K08,47
A07,F08,34
A07,B35,21
A07,G05,47
A07,G04,44
A07,N01,45
A07,N02,47
A07,N03,49
A07,N04,51
A07,N06,59
A08,A01,15
A08,C01,15
A08,A02,13
A08,A03,11
A08,A04,9
A08,A05,6
A08,A06,4
A08,A07,2
A08,A09,3
A08,A10,5
A08,A11,8
A08,A12,11
A08,A13,14
A08,A14,17
A08,A15,21
A08,B01,17
A08,F01,17
A08,B02,19
A08,B03,21
A08,B04,25
A08,B05,27
A08,B06,30
A08,E06,30
A08,B07,33
A08,B08,36
A08,B09,39
A08,B10,42
A08,B11,46
A08,C02,21
A08,C03,22
A08,C04,24
A08,C05,27
A08,C06,29
A08,C07,30
A08,C08,31
A08,C09,33
A08,C12,40
A08,C13,42
A08,C14,44
A08,C15,45
A08,D01,21
A08,D02,23
A08,D04,27
A08,D05,29
A08,D06,31
A08,D07,33
A08,D08,34
A08,D09,38
A08,D10,40
A08,D11,42
A08,D12,45
A08,D13,48
A08,E01,24
A08,E02,25
A08,E03,27
A08,E04,29
A08,E05,32
A08,E07,38
A08,E08,41
A08,E09,44
A08,E10,47
A08,F02,23
A08,D03,25
A08,F03,25
A08,F04,27
A08,F05,29
A08,F06,31
A08,F07,34
A08,F09,39
A08,F10,41
A08,F11,44
A08,G01,37
A08,G02,40
A08,G03,43
A08,C10,35
A08,J02,49
A08,J03,55
A08,K01,30
A08,K02,32
A08,K03,33
A08,K04,35
A08,K05,39
A08,K06,42
A08,K07,46
A08,K08,49
A08,F08,36
A08,B35,23
A08,G05,49
A08,G04,46
A08,N01,47
A08,N02,49
A08,N03,51
A08,N04,53
A08,N06,61
A09,A01,18
A09,C01,18
A09,A02,16
A09,A03,14
A09,A04,12
A09,A05,9
A09,A06,7
A09,A07,5
A09,A08,3
A09,A10,2
A09,A11,5
A09,A12,8
A09,A13,11
A09,A14,14
A09,A15,18
A09,B01,20
A09,F01,20
A09,B02,22
A09,B03,24
A09,B04,28
A09,B05,30
A09,B06,33
A09,E06,33
A09,B07,36
A09,B08,39
A09,B09,42
A09,B10,45
A09,B11,49
A09,C02,24
A09,C03,25
A09,C04,27
A09,C05,30
A09,C06,32
A09,C07,33
A09,C08,34
A09,C09,36
A09,C12,43
A09,C13,45
A09,C14,47
A09,C15,48
A09,D01,24
A09,D02,26
A09,D04,30
A09,D05,32
A09,D06,34
A09,D07,36
A09,D08,37
A09,D09,41
A09,D10,43
A09,D11,45
A09,D12,48
A09,D13,51
A09,E01,27
A09,E02,28
A09,E03,30
A09,E04,32
A09,E05,35
A09,E07,41
A09,E08,44
A09,E09,47
A09,E10,50
A09,F02,26
A09,D03,28
A09,F03,28
A09,F04,30
A09,F05,32
A09,F06,34
A09,F07,37
A09,F09,42
A09,F10,44
A09,F11,47
A09,G01,40
A09,G02,43
A09,G03,46
A09,C10,38
A09,J02,52
A09,J03,58
A09,K01,33
A09,K02,35
A09,K03,36
A09,K04,38
A09,K05,42
A09,K06,45
A09,K07,49
A09,K08,52
A09,F08,39
A09,B35,26
A09,G05,52
A09,G04,49
A09,N01,50
A09,N02,52
A09,N03,54
A09,N04,56
A09,N06,64
A10,A01,20
A10,C01,20
A10,A02,18
A10,A03,16
A10,A04,14
A10,A05,11
A10,A06,9
A10,A07,7
A10,A08,5
A10,A09,2
A10,A11,3
A10,A12,6
A10,A13,9
A10,A14,12
A10,A15,16
A10,B01,22
A10,F01,22
A10,B02,24
A10,B03,26
A10,B04,30
A10,B05,32
A10,B06,35
A10,E06,35
A10,B07,38
A10,B08,41
A10,B09,44
A10,B10,47
A10,B11,51
A10,C02,26
A10,C03,27
A10,C04,29
A10,C05,32
A10,C06,34
A10,C07,35
A10,C08,36
A10,C09,38
A10,C12,45
A10,C13,47
A10,C14,49
A10,C15,50
A10,D01,26
A10,D02,28
A10,D04,32
A10,D05,34
A10,D06,36
A10,D07,38
A10,D08,39
A10,D09,43
A10,D10,45
A10,D11,47
A10,D12,50
A10,D13,53
A10,E01,29
A10,E02,30
A10,E03,32
A10,E04,34
A10,E05,37
A10,E07,43
A10,E08,46
A10,E09,49
A10,E10,52
A10,F02,28
A10,D03,30
A10,F03,30
A10,F04,32
A10,F05,34
A10,F06,36
A10,F07,39
A10,F09,44
A10,F10,46
A10,F11,49
A10,G01,42
A10,G02,45
A10,G03,48
A10,C10,40
A10,J02,54
A10,J03,60
A10,K01,35
A10,K02,37
A10,K03,38
A10,K04,40
A10,K05,44
A10,K06,47
A10,K07,51
A10,K08,54
A10,F08,41
A10,B35,28
A10,G05,54
A10,G04,51
A10,N01,52
A10,N02,54
A10,N03,56
A10,N04,58
A10,N06,66
A11,A01,23
A11,C01,23
A11,A02,21
A11,A03,19
A11,A04,17
A11,A05,14
A11,A06,12
A11,A07,10
A11,A08,8
A11,A09,5
A11,A10,3
A11,A12,3
A11,A13,6
A11,A14,9
A11,A15,13
A11,B01,25
A11,F01,25
A11,B02,27
A11,B03,29
A11,B04,33
A11,B05,35
A11,B06,38
A11,E06,38
A11,B07,41
A11,B08,44
A11,B09,47
A11,B10,50
A11,B11,54
A11,C02,29
A11,C03,30
A11,C04,32
A11,C05,35
A11,C06,37
A11,C07,38
A11,C08,39
A11,C09,41
A11,C12,48
A11,C13,50
A11,C14,52
A11,C15,53
A11,D01,29
A11,D02,31
A11,D04,35
A11,D05,37
A11,D06,39
A11,D07,41
A11,D08,42
A11,D09,46
A11,D10,48
A11,D11,50
A11,D12,53
A11,D13,56
A11,E01,32
A11,E02,33
A11,E03,35
A11,E04,37
A11,E05,40
A11,E07,46
A11,E08,49
A11,E09,52
A11,E10,55
A11,F02,31
A11,D03,33
A11,F03,33
A11,F04,35
A11,F05,37
A11,F06,39
A11,F07,42
A11,F09,47
A11,F10,49
A11,F11,52
A11,G01,45
A11,G02,48
A11,G03,51
A11,C10,43
A11,J02,57
A11,J03,63
A11,K01,38
A11,K02,40
A11,K03,41
A11,K04,43
A11,K05,47
A11,K06,50
A11,K07,54
A11,K08,57
A11,F08,44
A11,B35,31
A11,G05,57
A11,G04,54
A11,N01,55
A11,N02,57
A11,N03,59
A11,N04,61
A11,N06,69
A12,A01,26
A12,C01,26
A12,A02,24
A12,A03,22
A12,A04,20
A12,A05,17
A12,A06,15
A12,A07,13
A12,A08,11
A12,A09,8
A12,A10,6
A12,A11,3
A12,A13,3
A12,A14,6
A12,A15,10
A12,B01,28
A12,F01,28
A12,B02,30
A12,B03,32
A12,B04,36
A12,B05,38
A12,B06,41
A12,E06,41
A12,B07,44
A12,B08,47
A12,B09,50
A12,B10,53
A12,B11,57
A12,C02,32
A12,C03,33
A12,C04,35
A12,C05,38
A12,C06,40
A12,C07,41
A12,C08,42
A12,C09,44
A12,C12,51
A12,C13,53
A12,C14,55
A12,C15,56
A12,D01,32
A12,D02,34
A12,D04,38
A12,D05,40
A12,D06,42
A12,D07,44
A12,D08,45
A12,D09,49
A12,D10,51
A12,D11,53
A12,D12,56
A12,D13,59
A12,E01,35
A12,E02,36
A12,E03,38
A12,E04,40
A12,E05,43
A12,E07,49
A12,E08,52
A12,E09,55
A12,E10,58
A12,F02,34
A12,D03,36
A12,F03,36
A12,F04,38
A12,F05,40
A12,F06,42
A12,F07,45
A12,F09,50
A12,F10,52
A12,F11,55
A12,G01,48
A12,G02,51
A12,G03,54
A12,C10,46
A12,J02,60
A12,J03,66
A12,K01,41
A12,K02,43
A12,K03,44
A12,K04,46
A12,K05,50
A12,K06,53
A12,K07,57
A12,K08,60
A12,F08,47
A12,B35,34
A12,G05,60
A12,G04,57
A12,N01,58
A12,N02,60
A12,N03,62
A12,N04,64
A12,N06,72
A13,A01,29
A13,C01,29
A13,A02,27
A13,A03,25
A13,A04,23
A13,A05,20
A13,A06,18
A13,A07,16
A13,A08,14
A13,A09,11
A13,A10,9
A13,A11,6
A13,A12,3
A13,A14,3
A13,A15,7
A13,B01,31
A13,F01,31
A13,B02,33
A13,B03,35
A13,B04,39
A13,B05,41
A13,B06,44
A13,E06,44
A13,B07,47
A13,B08,50
A13,B09,53
A13,B10,56
A13,B11,60
A13,C02,35
A13,C03,36
A13,C04,38
A13,C05,41
A13,C06,43
A13,C07,44
A13,C08,45
A13,C09,47
A13,C12,54
A13,C13,56
A13,C14,58
A13,C15,59
A13,D01,35
A13,D02,37
A13,D04,41
A13,D05,43
A13,D06,45
A13,D07,47
A13,D08,48
A13,D09,52
A13,D10,54
A13,D11,56
A13,D12,59
A13,D13,62
A13,E01,38
A13,E02,39
A13,E03,41
A13,E04,43
A13,E05,46
A13,E07,52
A13,E08,55
A13,E09,58
A13,E10,61
A13,F02,37
A13,D03,39
A13,F03,39
A13,F04,41
A13,F05,43
A13,F06,45
A13,F07,48
A13,F09,53
A13,F10,55
A13,F11,58
A13,G01,51
A13,G02,54
A13,G03,57
A13,C10,49
A13,J02,63
A13,J03,69
A13,K01,44
A13,K02,46
A13,K03,47
A13,K04,49
A13,K05,53
A13,K06,56
A13,K07,60
A13,K08,63
A13,F08,50
A13,B35,37
A13,G05,63
A13,G04,60
A13,N01,61
A13,N02,63
A13,N03,65
A13,N04,67
A13,N06,75
A14,A01,32
A14,C01,32
A14,A02,30
A14,A03,28
A14,A04,26
A14,A05,23
A14,A06,21
A14,A07,19
A14,A08,17
A14,A09,14
A14,A10,12
A14,A11,9
A14,A12,6
A14,A13,3
A14,A15,4
A14,B01,34
A14,F01,34
A14,B02,36
A14,B03,38
A14,B04,42
A14,B05,44
A14,B06,47
A14,E06,47
A14,B07,50
A14,B08,53
A14,B09,56
A14,B10,59
A14,B11,63
A14,C02,38
A14,C03,39
A14,C04,41
A14,C05,44
A14,C06,46
A14,C07,47
A14,C08,48
A14,C09,50
A14,C12,57
A14,C13,59
A14,C14,61
A14,C15,62
A14,D01,38
A14,D02,40
A14,D04,44
A14,D05,46
A14,D06,48
A14,D07,50
A14,D08,51
A14,D09,55
A14,D10,57
A14,D11,59
A14,D12,62
A14,D13,65
A14,E01,41
A14,E02,42
A14,E03,44
A14,E04,46
A14,E05,49
A14,E07,55
A14,E08,58
A14,E09,61
A14,E10,64
A14,F02,40
A14,D03,42
A14,F03,42
A14,F04,44
A14,F05,46
A14,F06,48
A14,F07,51
A14,F09,56
A14,F10,58
A14,F11,61
A14,G01,54
A14,G02,57
A14,G03,60
A14,C10,52
A14,J02,66
A14,J03,72
A14,K01,47
A14,K02,49
A14,K03,50
A14,K04,52
A14,K05,56
A14,K06,59
A14,K07,63
A14,K08,66
A14,F08,53
A14,B35,40
A14,G05,66
A14,G04,63
A14,N01,64
A14,N02,66
A14,N03,68
A14,N04,70
A14,N06,78
A15,A01,36
A15,C01,36
A15,A02,34
A15,A03,32
A15,A04,30
A15,A05,27
A15,A06,25
A15,A07,23
A15,A08,21
A15,A09,18
A15,A10,16
A15,A11,13
A15,A12,10
A15,A13,7
A15,A14,4
A15,B01,38
A15,F01,38
A15,B02,40
A15,B03,42
A15,B04,46
A15,B05,48
A15,B06,51
A15,E06,51
A15,B07,54
A15,B08,57
A15,B09,60
A15,B10,63
A15,B11,67
A15,C02,42
A15,C03,43
A15,C04,45
A15,C05,48
A15,C06,50
A15,C07,51
A15,C08,52
A15,C09,54
A15,C12,61
A15,C13,63
A15,C14,65
A15,C15,66
A15,D01,42
A15,D02,44
A15,D04,48
A15,D05,50
A15,D06,52
A15,D07,54
A15,D08,55
A15,D09,59
A15,D10,61
A15,D11,63
A15,D12,66
A15,D13,69
A15,E01,45
A15,E02,46
A15,E03,48
A15,E04,50
A15,E05,53
A15,E07,59
A15,E08,62
A15,E09,65
A15,E10,68
A15,F02,44
A15,D03,46
A15,F03,46
A15,F04,48
A15,F05,50
A15,F06,52
A15,F07,55
A15,F09,60
A15,F10,62
A15,F11,65
A15,G01,58
A15,G02,61
A15,G03,64
A15,C10,56
A15,J02,70
A15,J03,76
A15,K01,51
A15,K02,53
A15,K03,54
A15,K04,56
A15,K05,60
A15,K06,63
A15,K07,67
A15,K08,70
A15,F08,57
A15,B35,44
A15,G05,70
A15,G04,67
A15,N01,68
A15,N02,70
A15,N03,72
A15,N04,74
A15,N06,82
B01,A01,2
F01,A01,2
B01,C01,2
F01,C01,2
B01,A02,4
F01,A02,4
B01,A03,6
F01,A03,6
B01,A04,8
F01,A04,8
B01,A05,11
F01,A05,11
B01,A06,13
F01,A06,13
B01,A07,15
F01,A07,15
B01,A08,17
F01,A08,17
B01,A09,20
F01,A09,20
B01,A10,22
F01,A10,22
B01,A11,25
F01,A11,25
B01,A12,28
F01,A12,28
B01,A13,31
F01,A13,31
B01,A14,34
F01,A14,34
B01,A15,38
F01,A15,38
B01,B02,2
F01,B02,2
B01,B03,4
F01,B03,4
B01,B04,8
F01,B04,8
B01,B05,10
F01,B05,10
B01,B06,13
F01,B06,13
B01,E06,13
F01,E06,13
B01,B07,16
F01,B07,16
B01,B08,19
F01,B08,19
B01,B09,22
F01,B09,22
B01,B10,25
F01,B10,25
B01,B11,29
F01,B11,29
B01,C02,8
F01,C02,8
B01,C03,9
F01,C03,9
B01,C04,11
F01,C04,11
B01,C05,14
F01,C05,14
B01,C06,16
F01,C06,16
B01,C07,8
F01,C07,8
B01,C08,9
F01,C08,9
B01,C09,11
F01,C09,11
B01,C12,18
F01,C12,18
B01,C13,20
F01,C13,20
B01,C14,22
F01,C14,22
B01,C15,23
F01,C15,23
B01,D01,8
F01,D01,8
B01,D02,10
F01,D02,10
B01,D04,10
F01,D04,10
B01,D05,12
F01,D05,12
B01,D06,14
F01,D06,14
B01,D07,16
F01,D07,16
B01,D08,17
F01,D08,17
B01,D09,21
F01,D09,21
B01,D10,23
F01,D10,23
B01,D11,25
F01,D11,25
B01,D12,28
F01,D12,28
B01,D13,31
F01,D13,31
B01,E01,2
F01,E01,2
B01,E02,3
F01,E02,3
B01,E03,5
F01,E03,5
B01,E04,7
F01,E04,7
B01,E05,10
F01,E05,10
B01,E07,16
F01,E07,16
B01,E08,19
F01,E08,19
B01,E09,22
F01,E09,22
B01,E10,25
F01,E10,25
B01,F02,1
F01,F02,1
B01,D03,3
F01,D03,3
B01,F03,3
F01,F03,3
B01,F04,5
F01,F04,5
B01,F05,7
F01,F05,7
B01,F06,9
F01,F06,9
B01,F07,12
F01,F07,12
B01,F09,17
F01,F09,17
B01,F10,19
F01,F10,19
B01,F11,22
F01,F11,22
B01,G01,20
F01,G01,20
B01,G02,23
F01,G02,23
B01,G03,26
F01,G03,26
B01,C10,13
F01,C10,13
B01,J02,30
F01,J02,30
B01,J03,36
F01,J03,36
B01,K01,17
F01,K01,17
B01,K02,19
F01,K02,19
B01,K03,20
F01,K03,20
B01,K04,22
F01,K04,22
B01,K05,26
F01,K05,26
B01,K06,29
F01,K06,29
B01,K07,33
F01,K07,33
B01,K08,36
F01,K08,36
B01,F08,14
F01,F08,14
B01,B35,6
F01,B35,6
B01,G05,32
F01,G05,32
B01,G04,29
F01,G04,29
B01,N01,34
F01,N01,34
B01,N02,36
F01,N02,36
B01,N03,38
F01,N03,38
B01,N04,40
F01,N04,40
B01,N06,48
F01,N06,48
B02,A01,4
B02,C01,4
B02,A02,6
B02,A03,8
B02,A04,10
B02,A05,13
B02,A06,15
B02,A07,17
B02,A08,19
B02,A09,22
B02,A10,24
B02,A11,27
B02,A12,30
B02,A13,33
B02,A14,36
B02,A15,40
B02,B01,2
B02,F01,2
B02,B03,2
B02,B04,6
B02,B05,8
B02,B06,11
B02,E06,11
B02,B07,14
B02,B08,17
B02,B09,20
B02,B10,23
B02,B11,27
B02,C02,10
B02,C03,11
B02,C04,13
B02,C05,16
B02,C06,18
B02,C07,15
B02,C08,16
B02,C09,18
B02,C12,25
B02,C13,27
B02,C14,29
B02,C15,30
B02,D01,10
B02,D02,12
B02,D04,16
B02,D05,18
B02,D06,20
B02,D07,22
B02,D08,23
B02,D09,27
B02,D10,29
B02,D11,31
B02,D12,34
B02,D13,37
B02,E01,9
B02,E02,10
B02,E03,12
B02,E04,14
B02,E05,17
B02,E07,19
B02,E08,22
B02,E09,25
B02,E10,28
B02,F02,8
B02,D03,10
B02,F03,10
B02,F04,12
B02,F05,14
B02,F06,16
B02,F07,19
B02,F09,24
B02,F10,26
B02,F11,29
B02,G01,26
B02,G02,29
B02,G03,32
B02,C10,20
B02,J02,37
B02,J03,43
B02,K01,19
B02,K02,21
B02,K03,22
B02,K04,24
B02,K05,28
B02,K06,31
B02,K07,35
B02,K08,38
B02,F08,21
B02,B35,4
B02,G05,38
B02,G04,35
B02,N01,36
B02,N02,38
B02,N03,40
B02,N04,42
B02,N06,50
B03,A01,6
B03,C01,6
B03,A02,8
B03,A03,10
B03,A04,12
B03,A05,15
B03,A06,17
B03,A07,19
B03,A08,21
B03,A09,24
B03,A10,26
B03,A11,29
B03,A12,32
B03,A13,35
B03,A14,38
B03,A15,42
B03,B01,4
B03,F01,4
B03,B02,2
B03,B04,4
B03,B05,6
B03,B06,9
B03,E06,9
B03,B07,12
B03,B08,15
B03,B09,18
B03,B10,21
B03,B11,25
B03,C02,12
B03,C03,13
B03,C04,15
B03,C05,18
B03,C06,20
B03,C07,17
B03,C08,18
B03,C09,20
B03,C12,27
B03,C13,29
B03,C14,31
B03,C15,32
B03,D01,12
B03,D02,14
B03,D04,18
B03,D05,20
B03,D06,22
B03,D07,24
B03,D08,25
B03,D09,29
B03,D10,31
B03,D11,33
B03,D12,36
B03,D13,39
B03,E01,11
B03,E02,12
B03,E03,14
B03,E04,16
B03,E05,17
B03,E07,17
B03,E08,20
B03,E09,23
B03,E10,26
B03,F02,10
B03,D03,12
B03,F03,12
B03,F04,14
B03,F05,16
B03,F06,18
B03,F07,21
B03,F09,26
B03,F10,28
B03,F11,31
B03,G01,28
B03,G02,31
B03,G03,34
B03,C10,22
B03,J02,39
B03,J03,45
B03,K01,21
B03,K02,23
B03,K03,24
B03,K04,26
B03,K05,30
B03,K06,33
B03,K07,37
B03,K08,40
B03,F08,23
B03,B35,2
B03,G05,40
B03,G04,37
B03,N01,38
B03,N02,40
B03,N03,42
B03,N04,44
B03,N06,52
B04,A01,10
B04,C01,10
B04,A02,12
B04,A03,14
B04,A04,16
B04,A05,19
B04,A06,21
B04,A07,23
B04,A08,25
B04,A09,28
B04,A10,30
B04,A11,33
B04,A12,36
B04,A13,39
B04,A14,42
B04,A15,46
B04,B01,8
B04,F01,8
B04,B02,6
B04,B03,4
B04,B05,2
B04,B06,5
B04,E06,5
B04,B07,8
B04,B08,11
B04,B09,14
B04,B10,17
B04,B11,21
B04,C02,16
B04,C03,17
B04,C04,19
B04,C05,22
B04,C06,24
B04,C07,21
B04,C08,22
B04,C09,24
B04,C12,31
B04,C13,33
B04,C14,35
B04,C15,36
B04,D01,16
B04,D02,18
B04,D04,22
B04,D05,24
B04,D06,26
B04,D07,28
B04,D08,29
B04,D09,33
B04,D10,35
B04,D11,37
B04,D12,40
B04,D13,43
B04,E01,15
B04,E02,16
B04,E03,18
B04,E04,16
B04,E05,13
B04,E07,13
B04,E08,16
B04,E09,19
B04,E10,22
B04,F02,14
B04,D03,16
B04,F03,16
B04,F04,18
B04,F05,20
B04,F06,22
B04,F07,25
B04,F09,30
B04,F10,32
B04,F11,35
B04,G01,32
B04,G02,35
B04,G03,38
B04,C10,26
B04,J02,43
B04,J03,49
B04,K01,25
B04,K02,27
B04,K03,28
B04,K04,30
B04,K05,34
B04,K06,37
B04,K07,41
B04,K08,44
B04,F08,27
B04,B35,2
B04,G05,44
B04,G04,41
B04,N01,42
B04,N02,44
B04,N03,46
B04,N04,48
B04,N06,56
B05,A01,12
B05,C01,12
B05,A02,14
B05,A03,16
B05,A04,18
B05,A05,21
B05,A06,23
B05,A07,25
B05,A08,27
B05,A09,30
B05,A10,32
B05,A11,35
B05,A12,38
B05,A13,41
B05,A14,44
B05,A15,48
B05,B01,10
B05,F01,10
B05,B02,8
B05,B03,6
B05,B04,2
B05,B06,3
B05,E06,3
B05,B07,6
B05,B08,9
B05,B09,12
B05,B10,15
B05,B11,19
B05,C02,18
B05,C03,19
B05,C04,21
B05,C05,24
B05,C06,26
B05,C07,23
B05,C08,24
B05,C09,26
B05,C12,33
B05,C13,35
B05,C14,37
B05,C15,38
B05,D01,18
B05,D02,20
B05,D04,24
B05,D05,26
B05,D06,28
B05,D07,30
B05,D08,31
B05,D09,35
B05,D10,37
B05,D11,39
B05,D12,42
B05,D13,45
B05,E01,17
B05,E02,18
B05,E03,16
B05,E04,14
B05,E05,11
B05,E07,11
B05,E08,14
B05,E09,17
B05,E10,20
B05,F02,16
B05,D03,18
B05,F03,18
B05,F04,20
B05,F05,22
B05,F06,24
B05,F07,27
B05,F09,32
B05,F10,34
B05,F11,37
B05,G01,34
B05,G02,37
B05,G03,40
B05,C10,28
B05,J02,45
B05,J03,51
B05,K01,27
B05,K02,29
B05,K03,30
B05,K04,32
B05,K05,36
B05,K06,39
B05,K07,43
B05,K08,46
B05,F08,29
B05,B35,4
B05,G05,46
B05,G04,43
B05,N01,44
B05,N02,46
B05,N03,48
B05,N04,50
B05,N06,58
B06,A01,15
E06,A01,15
B06,C01,15
E06,C01,15
B06,A02,17
E06,A02,17
B06,A03,19
E06,A03,19
B06,A04,21
E06,A04,21
B06,A05,24
E06,A05,24
B06,A06,26
E06,A06,26
B06,A07,28
E06,A07,28
B06,A08,30
E06,A08,30
B06,A09,33
E06,A09,33
B06,A10,35
E06,A10,35
B06,A11,38
E06,A11,38
B06,A12,41
E06,A12,41
B06,A13,44
E06,A13,44
B06,A14,47
E06,A14,47
B06,A15,51
E06,A15,51
B06,B01,13
E06,B01,13
B06,F01,13
E06,F01,13
B06,B02,11
E06,B02,11
B06,B03,9
E06,B03,9
B06,B04,5
E06,B04,5
B06,B05,3
E06,B05,3
B06,B07,3
E06,B07,3
B06,B08,6
E06,B08,6
B06,B09,9
E06,B09,9
B06,B10,12
E06,B10,12
B06,B11,16
E06,B11,16
B06,C02,21
E06,C02,21
B06,C03,22
E06,C03,22
B06,C04,24
E06,C04,24
B06,C05,27
E06,C05,27
B06,C06,29
E06,C06,29
B06,C07,21
E06,C07,21
B06,C08,22
E06,C08,22
B06,C09,24
E06,C09,24
B06,C12,31
E06,C12,31
B06,C13,33
E06,C13,33
B06,C14,35
E06,C14,35
B06,C15,36
E06,C15,36
B06,D01,21
E06,D01,21
B06,D02,23
E06,D02,23
B06,D04,23
E06,D04,23
B06,D05,25
E06,D05,25
B06,D06,27
E06,D06,27
B06,D07,29
E06,D07,29
B06,D08,30
E06,D08,30
B06,D09,34
E06,D09,34
B06,D10,36
E06,D10,36
B06,D11,38
E06,D11,38
B06,D12,41
E06,D12,41
B06,D13,44
E06,D13,44
B06,E01,11
E06,E01,11
B06,E02,10
E06,E02,10
B06,E03,8
E06,E03,8
B06,E04,6
E06,E04,6
B06,E05,3
E06,E05,3
B06,E07,3
E06,E07,3
B06,E08,6
E06,E08,6
B06,E09,9
E06,E09,9
B06,E10,12
E06,E10,12
B06,F02,14
E06,F02,14
B06,D03,16
E06,D03,16
B06,F03,16
E06,F03,16
B06,F04,18
E06,F04,18
B06,F05,20
E06,F05,20
B06,F06,22
E06,F06,22
B06,F07,25
E06,F07,25
B06,F09,30
E06,F09,30
B06,F10,32
E06,F10,32
B06,F11,35
E06,F11,35
B06,G01,33
E06,G01,33
B06,G02,36
E06,G02,36
B06,G03,39
E06,G03,39
B06,C10,26
E06,C10,26
B06,J02,43
E06,J02,43
B06,J03,49
E06,J03,49
B06,K01,30
E06,K01,30
B06,K02,32
E06,K02,32
B06,K03,33
E06,K03,33
B06,K04,35
E06,K04,35
B06,K05,39
E06,K05,39
B06,K06,42
E06,K06,42
B06,K07,46
E06,K07,46
B06,K08,49
E06,K08,49
B06,F08,27
E06,F08,27
B06,B35,7
E06,B35,7
B06,G05,45
E06,G05,45
B06,G04,42
E06,G04,42
B06,N01,47
E06,N01,47
B06,N02,49
E06,N02,49
B06,N03,51
E06,N03,51
B06,N04,53
E06,N04,53
B06,N06,61
E06,N06,61
B07,A01,18
B07,C01,18
B07,A02,20
B07,A03,22
B07,A04,24
B07,A05,27
B07,A06,29
B07,A07,31
B07,A08,33
B07,A09,36
B07,A10,38
B07,A11,41
B07,A12,44
B07,A13,47
B07,A14,50
B07,A15,54
B07,B01,16
B07,F01,16
B07,B02,14
B07,B03,12
B07,B04,8
B07,B05,6
B07,B06,3
B07,E06,3
B07,B08,3
B07,B09,6
B07,B10,9
B07,B11,13
B07,C02,24
B07,C03,25
B07,C04,27
B07,C05,30
B07,C06,32
B07,C07,29
B07,C08,30
B07,C09,32
B07,C12,39
B07,C13,41
B07,C14,43
B07,C15,44
B07,D01,24
B07,D02,26
B07,D04,30
B07,D05,32
B07,D06,34
B07,D07,36
B07,D08,37
B07,D09,41
B07,D10,43
B07,D11,45
B07,D12,48
B07,D13,51
B07,E01,19
B07,E02,18
B07,E03,16
B07,E04,14
B07,E05,11
B07,E07,11
B07,E08,14
B07,E09,17
B07,E10,20
B07,F02,22
B07,D03,24
B07,F03,24
B07,F04,26
B07,F05,28
B07,F06,30
B07,F07,33
B07,F09,38
B07,F10,40
B07,F11,43
B07,G01,40
B07,G02,43
B07,G03,46
B07,C10,34
B07,J02,51
B07,J03,57
B07,K01,33
B07,K02,35
B07,K03,36
B07,K04,38
B07,K05,42
B07,K06,45
B07,K07,49
B07,K08,52
B07,F08,35
B07,B35,10
B07,G05,52
B07,G04,49
B07,N01,50
B07,N02,52
B07,N03,54
B07,N04,56
B07,N06,64
B08,A01,21
B08,C01,21
B08,A02,23
B08,A03,25
B08,A04,27
B08,A05,30
B08,A06,32
B08,A07,34
B08,A08,36
B08,A09,39
B08,A10,41
B08,A11,44
B08,A12,47
B08,A13,50
B08,A14,53
B08,A15,57
B08,B01,19
B08,F01,19
B08,B02,17
B08,B03,15
B08,B04,11
B08,B05,9
B08,B06,6
B08,E06,6
B08,B07,3
B08,B09,3
B08,B10,6
B08,B11,10
B08,C02,27
B08,C03,28
B08,C04,30
B08,C05,33
B08,C06,35
B08,C07,32
B08,C08,33
B08,C09,35
B08,C12,42
B08,C13,44
B08,C14,46
B08,C15,47
B08,D01,27
B08,D02,29
B08,D04,33
B08,D05,35
B08,D06,37
B08,D07,39
B08,D08,40
B08,D09,44
B08,D10,46
B08,D11,48
B08,D12,51
B08,D13,54
B08,E01,22
B08,E02,21
B08,E03,19
B08,E04,17
B08,E05,14
B08,E07,14
B08,E08,17
B08,E09,20
B08,E10,23
B08,F02,25
B08,D03,27
B08,F03,27
B08,F04,29
B08,F05,31
B08,F06,33
B08,F07,36
B08,F09,41
B08,F10,43
B08,F11,46
B08,G01,43
B08,G02,46
B08,G03,49
B08,C10,37
B08,J02,54
B08,J03,60
B08,K01,36
B08,K02,38
B08,K03,39
B08,K04,41
B08,K05,45
B08,K06,48
B08,K07,52
B08,K08,55
B08,F08,38
B08,B35,13
B08,G05,55
B08,G04,52
B08,N01,53
B08,N02,55
B08,N03,57
B08,N04,59
B08,N06,67
B09,A01,24
B09,C01,24
B09,A02,26
B09,A03,28
B09,A04,30
B09,A05,33
B09,A06,35
B09,A07,37
B09,A08,39
B09,A09,42
B09,A10,44
B09,A11,47
B09,A12,50
B09,A13,53
B09,A14,56
B09,A15,60
B09,B01,22
B09,F01,22
B09,B02,20
B09,B03,18
B09,B04,14
B09,B05,12
B09,B06,9
B09,E06,9
B09,B07,6
B09,B08,3
B09,B10,3
B09,B11,7
B09,C02,30
B09,C03,31
B09,C04,33
B09,C05,36
B09,C06,38
B09,C07,35
B09,C08,36
B09,C09,38
B09,C12,45
B09,C13,47
B09,C14,49
B09,C15,50
B09,D01,30
B09,D02,32
B09,D04,36
B09,D05,38
B09,D06,40
B09,D07,42
B09,D08,43
B09,D09,47
B09,D10,49
B09,D11,51
B09,D12,54
B09,D13,57
B09,E01,25
B09,E02,24
B09,E03,22
B09,E04,20
B09,E05,17
B09,E07,17
B09,E08,20
B09,E09,23
B09,E10,26
B09,F02,28
B09,D03,30
B09,F03,30
B09,F04,32
B09,F05,34
B09,F06,36
B09,F07,39
B09,F09,44
B09,F10,46
B09,F11,49
B09,G01,46
B09,G02,49
B09,G03,52
B09,C10,40
B09,J02,57
B09,J03,63
B09,K01,39
B09,K02,41
B09,K03,42
B09,K04,44
B09,K05,48
B09,K06,51
B09,K07,55
B09,K08,58
B09,F08,41
B09,B35,16
B09,G05,58
B09,G04,55
B09,N01,56
B09,N02,58
B09,N03,60
B09,N04,62
B09,N06,70
B10,A01,27
B10,C01,27
B10,A02,29
B10,A03,31
B10,A04,33
B10,A05,36
B10,A06,38
B10,A07,40
B10,A08,42
B10,A09,45
B10,A10,47
B10,A11,50
B10,A12,53
B10,A13,56
B10,A14,59
B10,A15,63
B10,B01,25
B10,F01,25
B10,B02,23
B10,B03,21
B10,B04,17
B10,B05,15
B10,B06,12
B10,E06,12
B10,B07,9
B10,B08,6
B10,B09,3
B10,B11,4
B10,C02,33
B10,C03,34
B10,C04,36
B10,C05,39
B10,C06,41
B10,C07,38
B10,C08,39
B10,C09,41
B10,C12,48
B10,C13,50
B10,C14,52
B10,C15,53
B10,D01,33
B10,D02,35
B10,D04,39
B10,D05,41
B10,D06,43
B10,D07,45
B10,D08,46
B10,D09,50
B10,D10,52
B10,D11,54
B10,D12,57
B10,D13,60
B10,E01,28
B10,E02,27
B10,E03,25
B10,E04,23
B10,E05,20
B10,E07,20
B10,E08,23
B10,E09,26
B10,E10,29
B10,F02,31
B10,D03,33
B10,F03,33
B10,F04,35
B10,F05,37
B10,F06,39
B10,F07,42
B10,F09,47
B10,F10,49
B10,F11,52
B10,G01,49
B10,G02,52
B10,G03,55
B10,C10,43
B10,J02,60
B10,J03,66
B10,K01,42
B10,K02,44
B10,K03,45
B10,K04,47
B10,K05,51
B10,K06,54
B10,K07,58
B10,K08,61
B10,F08,44
B10,B35,19
B10,G05,61
B10,G04,58
B10,N01,59
B10,N02,61
B10,N03,63
B10,N04,65
B10,N06,73
B11,A01,31
B11,C01,31
B11,A02,33
B11,A03,35
B11,A04,37
B11,A05,40
B11,A06,42
B11,A07,44
B11,A08,46
B11,A09,49
B11,A10,51
B11,A11,54
B11,A12,57
B11,A13,60
B11,A14,63
B11,A15,67
B11,B01,29
B11,F01,29
B11,B02,27
B11,B03,25
B11,B04,21
B11,B05,19
B11,B06,16
B11,E06,16
B11,B07,13
B11,B08,10
B11,B09,7
B11,B10,4
B11,C02,37
B11,C03,38
B11,C04,40
B11,C05,43
B11,C06,45
B11,C07,42
B11,C08,43
B11,C09,45
B11,C12,52
B11,C13,54
B11,C14,56
B11,C15,57
B11,D01,37
B11,D02,39
B11,D04,43
B11,D05,45
B11,D06,47
B11,D07,49
B11,D08,50
B11,D09,54
B11,D10,56
B11,D11,58
B11,D12,61
B11,D13,64
B11,E01,32
B11,E02,31
B11,E03,29
B11,E04,27
B11,E05,24
B11,E07,24
B11,E08,27
B11,E09,30
B11,E10,33
B11,F02,35
B11,D03,37
B11,F03,37
B11,F04,39
B11,F05,41
B11,F06,43
B11,F07,46
B11,F09,51
B11,F10,53
B11,F11,56
B11,G01,53
B11,G02,56
B11,G03,59
B11,C10,47
B11,J02,64
B11,J03,70
B11,K01,46
B11,K02,48
B11,K03,49
B11,K04,51
B11,K05,55
B11,K06,58
B11,K07,62
B11,K08,65
B11,F08,48
B11,B35,23
B11,G05,65
B11,G04,62
B11,N01,63
B11,N02,65
B11,N03,67
B11,N04,69
B11,N06,77
C02,A01,1
C02,C01,1
C02,A02,8
C02,A03,10
C02,A04,12
C02,A05,15
C02,A06,17
C02,A07,19
C02,A08,21
C02,A09,24
C02,A10,26
C02,A11,29
C02,A12,32
C02,A13,35
C02,A14,38
C02,A15,42
C02,B01,8
C02,F01,8
C02,B02,10
C02,B03,12
C02,B04,16
C02,B05,18
C02,B06,21
C02,E06,21
C02,B07,24
C02,B08,27
C02,B09,30
C02,B10,33
C02,B11,37
C02,C03,1
C02,C04,3
C02,C05,6
C02,C06,8
C02,C07,11
C02,C08,12
C02,C09,14
C02,C12,21
C02,C13,23
C02,C14,30
C02,C15,31
C02,D01,2
C02,D02,4
C02,D04,8
C02,D05,10
C02,D06,12
C02,D07,14
C02,D08,15
C02,D09,19
C02,D10,21
C02,D11,23
C02,D12,26
C02,D13,29
C02,E01,15
C02,E02,16
C02,E03,18
C02,E04,20
C02,E05,23
C02,E07,29
C02,E08,32
C02,E09,35
C02,E10,38
C02,F02,13
C02,D03,6
C02,F03,6
C02,F04,13
C02,F05,15
C02,F06,17
C02,F07,20
C02,F09,25
C02,F10,27
C02,F11,30
C02,G01,18
C02,G02,21
C02,G03,24
C02,C10,16
C02,J02,28
C02,J03,34
C02,K01,9
C02,K02,11
C02,K03,12
C02,K04,14
C02,K05,18
C02,K06,21
C02,K07,25
C02,K08,28
C02,F08,22
C02,B35,14
C02,G05,30
C02,G04,27
C02,N01,26
C02,N02,28
C02,N03,30
C02,N04,32
C02,N06,40
C03,A01,2
C03,C01,2
C03,A02,9
C03,A03,11
C03,A04,13
C03,A05,16
C03,A06,18
C03,A07,20
C03,A08,22
C03,A09,25
C03,A10,27
C03,A11,30
C03,A12,33
C03,A13,36
C03,A14,39
C03,A15,43
C03,B01,9
C03,F01,9
C03,B02,11
C03,B03,13
C03,B04,17
C03,B05,19
C03,B06,22
C03,E06,22
C03,B07,25
C03,B08,28
C03,B09,31
C03,B10,34
C03,B11,38
C03,C02,1
C03,C04,2
C03,C05,5
C03,C06,7
C03,C07,10
C03,C08,11
C03,C09,13
C03,C12,20
C03,C13,22
C03,C14,29
C03,C15,30
C03,D01,3
C03,D02,5
C03,D04,9
C03,D05,11
C03,D06,13
C03,D07,15
C03,D08,16
C03,D09,20
C03,D10,22
C03,D11,24
C03,D12,27
C03,D13,30
C03,E01,16
C03,E02,17
C03,E03,19
C03,E04,21
C03,E05,24
C03,E07,30
C03,E08,33
C03,E09,36
C03,E10,39
C03,F02,14
C03,D03,7
C03,F03,7
C03,F04,14
C03,F05,16
C03,F06,18
C03,F07,21
C03,F09,26
C03,F10,28
C03,F11,31
C03,G01,19
C03,G02,22
C03,G03,25
C03,C10,15
C03,J02,27
C03,J03,33
C03,K01,8
C03,K02,10
C03,K03,11
C03,K04,13
C03,K05,17
C03,K06,20
C03,K07,24
C03,K08,27
C03,F08,23
C03,B35,15
C03,G05,31
C03,G04,28
C03,N01,25
C03,N02,27
C03,N03,29
C03,N04,31
C03,N06,39
C04,A01,4
C04,C01,4
C04,A02,11
C04,A03,13
C04,A04,15
C04,A05,18
C04,A06,20
C04,A07,22
C04,A08,24
C04,A09,27
C04,A10,29
C04,A11,32
C04,A12,35
C04,A13,38
C04,A14,41
C04,A15,45
C04,B01,11
C04,F01,11
C04,B02,13
C04,B03,15
C04,B04,19
C04,B05,21
C04,B06,24
C04,E06,24
C04,B07,27
C04,B08,30
C04,B09,33
C04,B10,36
C04,B11,40
C04,C02,3
C04,C03,2
C04,C05,3
C04,C06,5
C04,C07,8
C04,C08,9
C04,C09,11
C04,C12,18
C04,C13,20
C04,C14,27
C04,C15,28
C04,D01,5
C04,D02,7
C04,D04,11
C04,D05,13
C04,D06,15
C04,D07,17
C04,D08,18
C04,D09,22
C04,D10,24
C04,D11,26
C04,D12,29
C04,D13,32
C04,E01,18
C04,E02,19
C04,E03,21
C04,E04,23
C04,E05,26
C04,E07,32
C04,E08,35
C04,E09,38
C04,E10,41
C04,F02,16
C04,D03,9
C04,F03,9
C04,F04,16
C04,F05,18
C04,F06,20
C04,F07,23
C04,F09,28
C04,F10,30
C04,F11,33
C04,G01,21
C04,G02,24
C04,G03,27
C04,C10,13
C04,J02,25
C04,J03,31
C04,K01,6
C04,K02,8
C04,K03,9
C04,K04,11
C04,K05,15
C04,K06,18
C04,K07,22
C04,K08,25
C04,F08,25
C04,B35,17
C04,G05,33
C04,G04,30
C04,N01,23
C04,N02,25
C04,N03,27
C04,N04,29
C04,N06,37
C05,A01,7
C05,C01,7
C05,A02,14
C05,A03,16
C05,A04,18
C05,A05,21
C05,A06,23
C05,A07,25
C05,A08,27
C05,A09,30
C05,A10,32
C05,A11,35
C05,A12,38
C05,A13,41
C05,A14,44
C05,A15,48
C05,B01,14
C05,F01,14
C05,B02,16
C05,B03,18
C05,B04,22
C05,B05,24
C05,B06,27
C05,E06,27
C05,B07,30
C05,B08,33
C05,B09,36
C05,B10,39
C05,B11,43
C05,C02,6
C05,C03,5
C05,C04,3
C05,C06,2
C05,C07,5
C05,C08,6
C05,C09,8
C05,C12,15
C05,C13,17
C05,C14,24
C05,C15,25
C05,D01,8
C05,D02,10
C05,D04,14
C05,D05,16
C05,D06,18
C05,D07,20
C05,D08,21
C05,D09,25
C05,D10,27
C05,D11,29
C05,D12,32
C05,D13,35
C05,E01,20
C05,E02,21
C05,E03,23
C05,E04,25
C05,E05,28
C05,E07,35
C05,E08,38
C05,E09,41
C05,E10,44
C05,F02,17
C05,D03,12
C05,F03,12
C05,F04,19
C05,F05,21
C05,F06,23
C05,F07,26
C05,F09,31
C05,F10,33
C05,F11,36
C05,G01,24
C05,G02,27
C05,G03,30
C05,C10,10
C05,J02,22
C05,J03,28
C05,K01,3
C05,K02,5
C05,K03,6
C05,K04,8
C05,K05,12
C05,K06,15
C05,K07,19
C05,K08,22
C05,F08,28
C05,B35,20
C05,G05,36
C05,G04,33
C05,N01,20
C05,N02,22
C05,N03,24
C05,N04,26
C05,N06,34
C06,A01,9
C06,C01,9
C06,A02,16
C06,A03,18
C06,A04,20
C06,A05,23
C06,A06,25
C06,A07,27
C06,A08,29
C06,A09,32
C06,A10,34
C06,A11,37
C06,A12,40
C06,A13,43
C06,A14,46
C06,A15,50
C06,B01,16
C06,F01,16
C06,B02,18
C06,B03,20
C06,B04,24
C06,B05,26
C06,B06,29
C06,E06,29
C06,B07,32
C06,B08,35
C06,B09,38
C06,B10,41
C06,B11,45
C06,C02,8
C06,C03,7
C06,C04,5
C06,C05,2
C06,C07,3
C06,C08,4
C06,C09,6
C06,C12,13
C06,C13,15
C06,C14,22
C06,C15,23
C06,D01,10
C06,D02,12
C06,D04,16
C06,D05,18
C06,D06,20
C06,D07,22
C06,D08,23
C06,D09,31
C06,D10,33
C06,D11,35
C06,D12,38
C06,D13,41
C06,E01,18
C06,E02,19
C06,E03,21
C06,E04,23
C06,E05,26
C06,E07,37
C06,E08,40
C06,E09,43
C06,E10,46
C06,F02,15
C06,D03,13
C06,F03,13
C06,F04,20
C06,F05,22
C06,F06,24
C06,F07,27
C06,F09,32
C06,F10,34
C06,F11,37
C06,G01,26
C06,G02,29
C06,G03,32
C06,C10,8
C06,J02,20
C06,J03,26
C06,K01,10
C06,K02,12
C06,K03,13
C06,K04,15
C06,K05,19
C06,K06,22
C06,K07,26
C06,K08,29
C06,F08,29
C06,B35,22
C06,G05,38
C06,G04,35
C06,N01,27
C06,N02,29
C06,N03,31
C06,N04,33
C06,N06,41
C07,A01,12
C07,C01,12
C07,A02,17
C07,A03,19
C07,A04,21
C07,A05,24
C07,A06,26
C07,A07,28
C07,A08,30
C07,A09,33
C07,A10,35
C07,A11,38
C07,A12,41
C07,A13,44
C07,A14,47
C07,A15,51
C07,B01,8
C07,F01,8
C07,B02,15
C07,B03,17
C07,B04,21
C07,B05,23
C07,B06,21
C07,E06,21
C07,B07,29
C07,B08,32
C07,B09,35
C07,B10,38
C07,B11,42
C07,C02,11
C07,C03,10
C07,C04,8
C07,C05,5
C07,C06,3
C07,C08,1
C07,C09,3
C07,C12,10
C07,C13,12
C07,C14,14
C07,C15,15
C07,D01,13
C07,D02,12
C07,D04,12
C07,D05,14
C07,D06,16
C07,D07,18
C07,D08,19
C07,D09,23
C07,D10,25
C07,D11,27
C07,D12,30
C07,D13,33
C07,E01,10
C07,E02,11
C07,E03,13
C07,E04,15
C07,E05,18
C07,E07,29
C07,E08,32
C07,E09,35
C07,E10,38
C07,F02,7
C07,D03,5
C07,F03,5
C07,F04,12
C07,F05,14
C07,F06,16
C07,F07,19
C07,F09,24
C07,F10,26
C07,F11,29
C07,G01,22
C07,G02,25
C07,G03,28
C07,C10,5
C07,J02,17
C07,J03,23
C07,K01,13
C07,K02,15
C07,K03,16
C07,K04,18
C07,K05,22
C07,K06,25
C07,K07,29
C07,K08,32
C07,F08,21
C07,B35,19
C07,G05,34
C07,G04,31
C07,N01,30
C07,N02,32
C07,N03,34
C07,N04,36
C07,N06,44
C08,A01,13
C08,C01,13
C08,A02,18
C08,A03,20
C08,A04,22
C08,A05,25
C08,A06,27
C08,A07,29
C08,A08,31
C08,A09,34
C08,A10,36
C08,A11,39
C08,A12,42
C08,A13,45
C08,A14,48
C08,A15,52
C08,B01,9
C08,F01,9
C08,B02,16
C08,B03,18
C08,B04,22
C08,B05,24
C08,B06,22
C08,E06,22
C08,B07,30
C08,B08,33
C08,B09,36
C08,B10,39
C08,B11,43
C08,C02,12
C08,C03,11
C08,C04,9
C08,C05,6
C08,C06,4
C08,C07,1
C08,C09,2
C08,C12,9
C08,C13,11
C08,C14,13
C08,C15,14
C08,D01,14
C08,D02,13
C08,D04,13
C08,D05,15
C08,D06,17
C08,D07,19
C08,D08,20
C08,D09,24
C08,D10,26
C08,D11,28
C08,D12,31
C08,D13,34
C08,E01,11
C08,E02,12
C08,E03,14
C08,E04,16
C08,E05,19
C08,E07,30
C08,E08,33
C08,E09,36
C08,E10,39
C08,F02,8
C08,D03,6
C08,F03,6
C08,F04,13
C08,F05,15
C08,F06,17
C08,F07,20
C08,F09,25
C08,F10,27
C08,F11,30
C08,G01,23
C08,G02,26
C08,G03,29
C08,C10,4
C08,J02,16
C08,J03,22
C08,K01,14
C08,K02,16
C08,K03,17
C08,K04,19
C08,K05,23
C08,K06,26
C08,K07,30
C08,K08,33
C08,F08,22
C08,B35,20
C08,G05,35
C08,G04,32
C08,N01,31
C08,N02,33
C08,N03,35
C08,N04,37
C08,N06,45
C09,A01,15
C09,C01,15
C09,A02,20
C09,A03,22
C09,A04,24
C09,A05,27
C09,A06,29
C09,A07,31
C09,A08,33
C09,A09,36
C09,A10,38
C09,A11,41
C09,A12,44
C09,A13,47
C09,A14,50
C09,A15,54
C09,B01,11
C09,F01,11
C09,B02,18
C09,B03,20
C09,B04,24
C09,B05,26
C09,B06,24
C09,E06,24
C09,B07,32
C09,B08,35
C09,B09,38
C09,B10,41
C09,B11,45
C09,C02,14
C09,C03,13
C09,C04,11
C09,C05,8
C09,C06,6
C09,C07,3
C09,C08,2
C09,C12,7
C09,C13,9
C09,C14,11
C09,C15,12
C09,D01,16
C09,D02,15
C09,D04,15
C09,D05,17
C09,D06,19
C09,D07,21
C09,D08,22
C09,D09,26
C09,D10,28
C09,D11,30
C09,D12,33
C09,D13,36
C09,E01,13
C09,E02,14
C09,E03,16
C09,E04,18
C09,E05,21
C09,E07,32
C09,E08,35
C09,E09,38
C09,E10,41
C09,F02,10
C09,D03,8
C09,F03,8
C09,F04,15
C09,F05,17
C09,F06,19
C09,F07,22
C09,F09,27
C09,F10,29
C09,F11,32
C09,G01,25
C09,G02,28
C09,G03,31
C09,C10,2
C09,J02,14
C09,J03,20
C09,K01,16
C09,K02,18
C09,K03,19
C09,K04,21
C09,K05,25
C09,K06,28
C09,K07,32
C09,K08,35
C09,F08,24
C09,B35,22
C09,G05,37
C09,G04,34
C09,N01,33
C09,N02,35
C09,N03,37
C09,N04,39
C09,N06,47
C12,A01,22
C12,C01,22
C12,A02,27
C12,A03,29
C12,A04,31
C12,A05,34
C12,A06,36
C12,A07,38
C12,A08,40
C12,A09,43
C12,A10,45
C12,A11,48
C12,A12,51
C12,A13,54
C12,A14,57
C12,A15,61
C12,B01,18
C12,F01,18
C12,B02,25
C12,B03,27
C12,B04,31
C12,B05,33
C12,B06,31
C12,E06,31
C12,B07,39
C12,B08,42
C12,B09,45
C12,B10,48
C12,B11,52
C12,C02,21
C12,C03,20
C12,C04,18
C12,C05,15
C12,C06,13
C12,C07,10
C12,C08,9
C12,C09,7
C12,C13,2
C12,C14,4
C12,C15,5
C12,D01,23
C12,D02,22
C12,D04,22
C12,D05,24
C12,D06,26
C12,D07,28
C12,D08,29
C12,D09,33
C12,D10,35
C12,D11,37
C12,D12,40
C12,D13,43
C12,E01,20
C12,E02,21
C12,E03,23
C12,E04,25
C12,E05,28
C12,E07,39
C12,E08,42
C12,E09,45
C12,E10,48
C12,F02,17
C12,D03,15
C12,F03,15
C12,F04,22
C12,F05,24
C12,F06,26
C12,F07,29
C12,F09,34
C12,F10,36
C12,F11,39
C12,G01,32
C12,G02,35
C12,G03,38
C12,C10,5
C12,J02,7
C12,J03,13
C12,K01,23
C12,K02,25
C12,K03,26
C12,K04,28
C12,K05,32
C12,K06,35
C12,K07,39
C12,K08,42
C12,F08,31
C12,B35,29
C12,G05,44
C12,G04,41
C12,N01,40
C12,N02,42
C12,N03,44
C12,N04,46
C12,N06,54
C13,A01,24
C13,C01,24
C13,A02,29
C13,A03,31
C13,A04,33
C13,A05,36
C13,A06,38
C13,A07,40
C13,A08,42
C13,A09,45
C13,A10,47
C13,A11,50
C13,A12,53
C13,A13,56
C13,A14,59
C13,A15,63
C13,B01,20
C13,F01,20
C13,B02,27
C13,B03,29
C13,B04,33
C13,B05,35
C13,B06,33
C13,E06,33
C13,B07,41
C13,B08,44
C13,B09,47
C13,B10,50
C13,B11,54
C13,C02,23
C13,C03,22
C13,C04,20
C13,C05,17
C13,C06,15
C13,C07,12
C13,C08,11
C13,C09,9
C13,C12,2
C13,C14,2
C13,C15,3
C13,D01,25
C13,D02,24
C13,D04,24
C13,D05,26
C13,D06,28
C13,D07,30
C13,D08,31
C13,D09,35
C13,D10,37
C13,D11,39
C13,D12,42
C13,D13,45
C13,E01,22
C13,E02,23
C13,E03,25
C13,E04,27
C13,E05,30
C13,E07,41
C13,E08,44
C13,E09,47
C13,E10,50
C13,F02,19
C13,D03,17
C13,F03,17
C13,F04,24
C13,F05,26
C13,F06,28
C13,F07,31
C13,F09,36
C13,F10,38
C13,F11,41
C13,G01,34
C13,G02,37
C13,G03,40
C13,C10,7
C13,J02,5
C13,J03,11
C13,K01,25
C13,K02,27
C13,K03,28
C13,K04,30
C13,K05,34
C13,K06,37
C13,K07,41
C13,K08,44
C13,F08,33
C13,B35,31
C13,G05,46
C13,G04,43
C13,N01,42
C13,N02,44
C13,N03,46
C13,N04,48
C13,N06,56
C14,A01,29
C14,C01,29
C14,A02,31
C14,A03,33
C14,A04,35
C14,A05,38
C14,A06,40
C14,A07,42
C14,A08,44
C14,A09,47
C14,A10,49
C14,A11,52
C14,A12,55
C14,A13,58
C14,A14,61
C14,A15,65
C14,B01,22
C14,F01,22
C14,B02,29
C14,B03,31
C14,B04,35
C14,B05,37
C14,B06,35
C14,E06,35
C14,B07,43
C14,B08,46
C14,B09,49
C14,B10,52
C14,B11,56
C14,C02,30
C14,C03,29
C14,C04,27
C14,C05,24
C14,C06,22
C14,C07,14
C14,C08,13
C14,C09,11
C14,C12,4
C14,C13,2
C14,C15,1
C14,D01,28
C14,D02,26
C14,D04,26
C14,D05,28
C14,D06,30
C14,D07,32
C14,D08,33
C14,D09,37
C14,D10,39
C14,D11,41
C14,D12,44
C14,D13,47
C14,E01,24
C14,E02,25
C14,E03,27
C14,E04,29
C14,E05,32
C14,E07,43
C14,E08,46
C14,E09,49
C14,E10,52
C14,F02,21
C14,D03,19
C14,F03,19
C14,F04,26
C14,F05,28
C14,F06,30
C14,F07,33
C14,F09,38
C14,F10,40
C14,F11,43
C14,G01,36
C14,G02,39
C14,G03,42
C14,C10,9
C14,J02,12
C14,J03,18
C14,K01,32
C14,K02,34
C14,K03,35
C14,K04,37
C14,K05,41
C14,K06,44
C14,K07,48
C14,K08,51
C14,F08,35
C14,B35,33
C14,G05,48
C14,G04,45
C14,N01,49
C14,N02,51
C14,N03,53
C14,N04,55
C14,N06,63
C15,A01,30
C15,C01,30
C15,A02,32
C15,A03,34
C15,A04,36
C15,A05,39
C15,A06,41
C15,A07,43
C15,A08,45
C15,A09,48
C15,A10,50
C15,A11,53
C15,A12,56
C15,A13,59
C15,A14,62
C15,A15,66
C15,B01,23
C15,F01,23
C15,B02,30
C15,B03,32
C15,B04,36
C15,B05,38
C15,B06,36
C15,E06,36
C15,B07,44
C15,B08,47
C15,B09,50
C15,B10,53
C15,B11,57
C15,C02,31
C15,C03,30
C15,C04,28
C15,C05,25
C15,C06,23
C15,C07,15
C15,C08,14
C15,C09,12
C15,C12,5
C15,C13,3
C15,C14,1
C15,D01,29
C15,D02,27
C15,D04,27
C15,D05,29
C15,D06,31
C15,D07,33
C15,D08,34
C15,D09,38
C15,D10,40
C15,D11,42
C15,D12,45
C15,D13,48
C15,E01,25
C15,E02,26
C15,E03,28
C15,E04,30
C15,E05,33
C15,E07,44
C15,E08,47
C15,E09,50
C15,E10,53
C15,F02,22
C15,D03,20
C15,F03,20
C15,F04,27
C15,F05,29
C15,F06,31
C15,F07,34
C15,F09,39
C15,F10,41
C15,F11,44
C15,G01,37
C15,G02,40
C15,G03,43
C15,C10,10
C15,J02,13
C15,J03,19
C15,K01,33
C15,K02,35
C15,K03,36
C15,K04,38
C15,K05,42
C15,K06,45
C15,K07,49
C15,K08,52
C15,F08,36
C15,B35,34
C15,G05,49
C15,G04,46
C15,N01,50
C15,N02,52
C15,N03,54
C15,N04,56
C15,N06,64
D01,A01,1
D01,C01,1
D01,A02,8
D01,A03,10
D01,A04,12
D01,A05,15
D01,A06,17
D01,A07,19
D01,A08,21
D01,A09,24
D01,A10,26
D01,A11,29
D01,A12,32
D01,A13,35
D01,A14,38
D01,A15,42
D01,B01,8
D01,F01,8
D01,B02,10
D01,B03,12
D01,B04,16
D01,B05,18
D01,B06,21
D01,E06,21
D01,B07,24
D01,B08,27
D01,B09,30
D01,B10,33
D01,B11,37
D01,C02,2
D01,C03,3
D01,C04,5
D01,C05,8
D01,C06,10
D01,C07,13
D01,C08,14
D01,C09,16
D01,C12,23
D01,C13,25
D01,C14,28
D01,C15,29
D01,D02,2
D01,D04,6
D01,D05,8
D01,D06,10
D01,D07,12
D01,D08,13
D01,D09,17
D01,D10,19
D01,D11,21
D01,D12,24
D01,D13,27
D01,E01,14
D01,E02,15
D01,E03,17
D01,E04,19
D01,E05,22
D01,E07,28
D01,E08,31
D01,E09,34
D01,E10,37
D01,F02,11
D01,D03,4
D01,F03,4
D01,F04,11
D01,F05,13
D01,F06,15
D01,F07,18
D01,F09,23
D01,F10,25
D01,F11,28
D01,G01,16
D01,G02,19
D01,G03,22
D01,C10,18
D01,J02,30
D01,J03,36
D01,K01,11
D01,K02,13
D01,K03,14
D01,K04,16
D01,K05,20
D01,K06,23
D01,K07,27
D01,K08,30
D01,F08,20
D01,B35,14
D01,G05,28
D01,G04,25
D01,N01,28
D01,N02,30
D01,N03,32
D01,N04,34
D01,N06,42
D02,A01,3
D02,C01,3
D02,A02,10
D02,A03,12
D02,A04,14
D02,A05,17
D02,A06,19
D02,A07,21
D02,A08,23
D02,A09,26
D02,A10,28
D02,A11,31
D02,A12,34
D02,A13,37
D02,A14,40
D02,A15,44
D02,B01,10
D02,F01,10
D02,B02,12
D02,B03,14
D02,B04,18
D02,B05,20
D02,B06,23
D02,E06,23
D02,B07,26
D02,B08,29
D02,B09,32
D02,B10,35
D02,B11,39
D02,C02,4
D02,C03,5
D02,C04,7
D02,C05,10
D02,C06,12
D02,C07,12
D02,C08,13
D02,C09,15
D02,C12,22
D02,C13,24
D02,C14,26
D02,C15,27
D02,D01,2
D02,D04,4
D02,D05,6
D02,D06,8
D02,D07,10
D02,D08,11
D02,D09,15
D02,D10,17
D02,D11,19
D02,D12,22
D02,D13,25
D02,E01,12
D02,E02,13
D02,E03,15
D02,E04,17
D02,E05,20
D02,E07,26
D02,E08,29
D02,E09,32
D02,E10,35
D02,F02,9
D02,D03,2
D02,F03,2
D02,F04,9
D02,F05,11
D02,F06,13
D02,F07,16
D02,F09,21
D02,F10,23
D02,F11,26
D02,G01,14
D02,G02,17
D02,G03,20
D02,C10,17
D02,J02,32
D02,J03,38
D02,K01,13
D02,K02,15
D02,K03,16
D02,K04,18
D02,K05,22
D02,K06,25
D02,K07,29
D02,K08,32
D02,F08,18
D02,B35,16
D02,G05,26
D02,G04,23
D02,N01,30
D02,N02,32
D02,N03,34
D02,N04,36
D02,N06,44
D04,A01,7
D04,C01,7
D04,A02,14
D04,A03,16
D04,A04,18
D04,A05,21
D04,A06,23
D04,A07,25
D04,A08,27
D04,A09,30
D04,A10,32
D04,A11,35
D04,A12,38
D04,A13,41
D04,A14,44
D04,A15,48
D04,B01,10
D04,F01,10
D04,B02,16
D04,B03,18
D04,B04,22
D04,B05,24
D04,B06,23
D04,E06,23
D04,B07,30
D04,B08,33
D04,B09,36
D04,B10,39
D04,B11,43
D04,C02,8
D04,C03,9
D04,C04,11
D04,C05,14
D04,C06,16
D04,C07,12
D04,C08,13
D04,C09,15
D04,C12,22
D04,C13,24
D04,C14,26
D04,C15,27
D04,D01,6
D04,D02,4
D04,D05,2
D04,D06,4
D04,D07,6
D04,D08,7
D04,D09,11
D04,D10,13
D04,D11,15
D04,D12,18
D04,D13,21
D04,E01,12
D04,E02,13
D04,E03,15
D04,E04,17
D04,E05,20
D04,E07,26
D04,E08,29
D04,E09,32
D04,E10,35
D04,F02,9
D04,D03,2
D04,F03,2
D04,F04,9
D04,F05,11
D04,F06,13
D04,F07,16
D04,F09,21
D04,F10,23
D04,F11,26
D04,G01,10
D04,G02,13
D04,G03,16
D04,C10,17
D04,J02,34
D04,J03,40
D04,K01,17
D04,K02,19
D04,K03,20
D04,K04,22
D04,K05,26
D04,K06,29
D04,K07,33
D04,K08,36
D04,F08,18
D04,B35,20
D04,G05,22
D04,G04,19
D04,N01,34
D04,N02,36
D04,N03,38
D04,N04,40
D04,N06,48
D05,A01,9
D05,C01,9
D05,A02,16
D05,A03,18
D05,A04,20
D05,A05,23
D05,A06,25
D05,A07,27
D05,A08,29
D05,A09,32
D05,A10,34
D05,A11,37
D05,A12,40
D05,A13,43
D05,A14,46
D05,A15,50
D05,B01,12
D05,F01,12
D05,B02,18
D05,B03,20
D05,B04,24
D05,B05,26
D05,B06,25
D05,E06,25
D05,B07,32
D05,B08,35
D05,B09,38
D05,B10,41
D05,B11,45
D05,C02,10
D05,C03,11
D05,C04,13
D05,C05,16
D05,C06,18
D05,C07,14
D05,C08,15
D05,C09,17
D05,C12,24
D05,C13,26
D05,C14,28
D05,C15,29
D05,D01,8
D05,D02,6
D05,D04,2
D05,D06,2
D05,D07,4
D05,D08,5
D05,D09,9
D05,D10,11
D05,D11,13
D05,D12,16
D05,D13,19
D05,E01,14
D05,E02,15
D05,E03,17
D05,E04,19
D05,E05,22
D05,E07,28
D05,E08,31
D05,E09,34
D05,E10,37
D05,F02,11
D05,D03,4
D05,F03,4
D05,F04,11
D05,F05,13
D05,F06,15
D05,F07,18
D05,F09,23
D05,F10,25
D05,F11,28
D05,G01,8
D05,G02,11
D05,G03,14
D05,C10,19
D05,J02,36
D05,J03,42
D05,K01,19
D05,K02,21
D05,K03,22
D05,K04,24
D05,K05,28
D05,K06,31
D05,K07,35
D05,K08,38
D05,F08,20
D05,B35,22
D05,G05,20
D05,G04,17
D05,N01,36
D05,N02,38
D05,N03,40
D05,N04,42
D05,N06,50
D06,A01,11
D06,C01,11
D06,A02,18
D06,A03,20
D06,A04,22
D06,A05,25
D06,A06,27
D06,A07,29
D06,A08,31
D06,A09,34
D06,A10,36
D06,A11,39
D06,A12,42
D06,A13,45
D06,A14,48
D06,A15,52
D06,B01,14
D06,F01,14
D06,B02,20
D06,B03,22
D06,B04,26
D06,B05,28
D06,B06,27
D06,E06,27
D06,B07,34
D06,B08,37
D06,B09,40
D06,B10,43
D06,B11,47
D06,C02,12
D06,C03,13
D06,C04,15
D06,C05,18
D06,C06,20
D06,C07,16
D06,C08,17
D06,C09,19
D06,C12,26
D06,C13,28
D06,C14,30
D06,C15,31
D06,D01,10
D06,D02,8
D06,D04,4
D06,D05,2
D06,D07,2
D06,D08,3
D06,D09,7
D06,D10,9
D06,D11,11
D06,D12,14
D06,D13,17
D06,E01,16
D06,E02,17
D06,E03,19
D06,E04,21
D06,E05,24
D06,E07,30
D06,E08,33
D06,E09,36
D06,E10,39
D06,F02,13
D06,D03,6
D06,F03,6
D06,F04,13
D06,F05,15
D06,F06,17
D06,F07,20
D06,F09,25
D06,F10,27
D06,F11,30
D06,G01,6
D06,G02,9
D06,G03,12
D06,C10,21
D06,J02,38
D06,J03,44
D06,K01,21
D06,K02,23
D06,K03,24
D06,K04,26
D06,K05,30
D06,K06,33
D06,K07,37
D06,K08,40
D06,F08,22
D06,B35,24
D06,G05,18
D06,G04,15
D06,N01,38
D06,N02,40
D06,N03,42
D06,N04,44
D06,N06,52
D07,A01,13
D07,C01,13
D07,A02,20
D07,A03,22
D07,A04,24
D07,A05,27
D07,A06,29
D07,A07,31
D07,A08,33
D07,A09,36
D07,A10,38
D07,A11,41
D07,A12,44
D07,A13,47
D07,A14,50
D07,A15,54
D07,B01,16
D07,F01,16
D07,B02,22
D07,B03,24
D07,B04,28
D07,B05,30
D07,B06,29
D07,E06,29
D07,B07,36
D07,B08,39
D07,B09,42
D07,B10,45
D07,B11,49
D07,C02,14
D07,C03,15
D07,C04,17
D07,C05,20
D07,C06,22
D07,C07,18
D07,C08,19
D07,C09,21
D07,C12,28
D07,C13,30
D07,C14,32
D07,C15,33
D07,D01,12
D07,D02,10
D07,D04,6
D07,D05,4
D07,D06,2
D07,D08,1
D07,D09,5
D07,D10,7
D07,D11,9
D07,D12,12
D07,D13,15
D07,E01,18
D07,E02,19
D07,E03,21
D07,E04,23
D07,E05,26
D07,E07,32
D07,E08,35
D07,E09,38
D07,E10,41
D07,F02,15
D07,D03,8
D07,F03,8
D07,F04,15
D07,F05,17
D07,F06,19
D07,F07,22
D07,F09,27
D07,F10,29
D07,F11,32
D07,G01,4
D07,G02,7
D07,G03,10
D07,C10,23
D07,J02,40
D07,J03,46
D07,K01,23
D07,K02,25
D07,K03,26
D07,K04,28
D07,K05,32
D07,K06,35
D07,K07,39
D07,K08,42
D07,F08,24
D07,B35,26
D07,G05,16
D07,G04,13
D07,N01,40
D07,N02,42
D07,N03,44
D07,N04,46
D07,N06,54
D08,A01,14
D08,C01,14
D08,A02,21
D08,A03,23
D08,A04,25
D08,A05,28
D08,A06,30
D08,A07,32
D08,A08,34
D08,A09,37
D08,A10,39
D08,A11,42
D08,A12,45
D08,A13,48
D08,A14,51
D08,A15,55
D08,B01,17
D08,F01,17
D08,B02,23
D08,B03,25
D08,B04,29
D08,B05,31
D08,B06,30
D08,E06,30
D08,B07,37
D08,B08,40
D08,B09,43
D08,B10,46
D08,B11,50
D08,C02,15
D08,C03,16
D08,C04,18
D08,C05,21
D08,C06,23
D08,C07,19
D08,C08,20
D08,C09,22
D08,C12,29
D08,C13,31
D08,C14,33
D08,C15,34
D08,D01,13
D08,D02,11
D08,D04,7
D08,D05,5
D08,D06,3
D08,D07,1
D08,D09,4
D08,D10,6
D08,D11,8
D08,D12,11
D08,D13,14
D08,E01,19
D08,E02,20
D08,E03,22
D08,E04,24
D08,E05,27
D08,E07,33
D08,E08,36
D08,E09,39
D08,E10,42
D08,F02,16
D08,D03,9
D08,F03,9
D08,F04,16
D08,F05,18
D08,F06,20
D08,F07,23
D08,F09,28
D08,F10,30
D08,F11,33
D08,G01,3
D08,G02,6
D08,G03,9
D08,C10,24
D08,J02,41
D08,J03,47
D08,K01,24
D08,K02,26
D08,K03,27
D08,K04,29
D08,K05,33
D08,K06,36
D08,K07,40
D08,K08,43
D08,F08,25
D08,B35,27
D08,G05,15
D08,G04,12
D08,N01,41
D08,N02,43
D08,N03,45
D08,N04,47
D08,N06,55
D09,A01,18
D09,C01,18
D09,A02,25
D09,A03,27
D09,A04,29
D09,A05,32
D09,A06,34
D09,A07,36
D09,A08,38
D09,A09,41
D09,A10,43
D09,A11,46
D09,A12,49
D09,A13,52
D09,A14,55
D09,A15,59
D09,B01,21
D09,F01,21
D09,B02,27
D09,B03,29
D09,B04,33
D09,B05,35
D09,B06,34
D09,E06,34
D09,B07,41
D09,B08,44
D09,B09,47
D09,B10,50
D09,B11,54
D09,C02,19
D09,C03,20
D09,C04,22
D09,C05,25
D09,C06,31
D09,C07,23
D09,C08,24
D09,C09,26
D09,C12,33
D09,C13,35
D09,C14,37
D09,C15,38
D09,D01,17
D09,D02,15
D09,D04,11
D09,D05,9
D09,D06,7
D09,D07,5
D09,D08,4
D09,D10,2
D09,D11,4
D09,D12,7
D09,D13,10
D09,E01,23
D09,E02,24
D09,E03,26
D09,E04,28
D09,E05,31
D09,E07,37
D09,E08,40
D09,E09,43
D09,E10,46
D09,F02,20
D09,D03,13
D09,F03,13
D09,F04,20
D09,F05,22
D09,F06,24
D09,F07,27
D09,F09,32
D09,F10,34
D09,F11,37
D09,G01,12
D09,G02,15
D09,G03,18
D09,C10,28
D09,J02,45
D09,J03,51
D09,K01,28
D09,K02,30
D09,K03,31
D09,K04,33
D09,K05,37
D09,K06,40
D09,K07,44
D09,K08,47
D09,F08,29
D09,B35,31
D09,G05,24
D09,G04,21
D09,N01,50
D09,N02,52
D09,N03,54
D09,N04,56
D09,N06,64
D10,A01,20
D10,C01,20
D10,A02,27
D10,A03,29
D10,A04,31
D10,A05,34
D10,A06,36
D10,A07,38
D10,A08,40
D10,A09,43
D10,A10,45
D10,A11,48
D10,A12,51
D10,A13,54
D10,A14,57
D10,A15,61
D10,B01,23
D10,F01,23
D10,B02,29
D10,B03,31
D10,B04,35
D10,B05,37
D10,B06,36
D10,E06,36
D10,B07,43
D10,B08,46
D10,B09,49
D10,B10,52
D10,B11,56
D10,C02,21
D10,C03,22
D10,C04,24
D10,C05,27
D10,C06,33
D10,C07,25
D10,C08,26
D10,C09,28
D10,C12,35
D10,C13,37
D10,C14,39
D10,C15,40
D10,D01,19
D10,D02,17
D10,D04,13
D10,D05,11
D10,D06,9
D10,D07,7
D10,D08,6
D10,D09,2
D10,D11,2
D10,D12,5
D10,D13,8
D10,E01,25
D10,E02,26
D10,E03,28
D10,E04,30
D10,E05,33
D10,E07,39
D10,E08,42
D10,E09,45
D10,E10,48
D10,F02,22
D10,D03,15
D10,F03,15
D10,F04,22
D10,F05,24
D10,F06,26
D10,F07,29
D10,F09,34
D10,F10,36
D10,F11,39
D10,G01,14
D10,G02,17
D10,G03,20
D10,C10,30
D10,J02,47
D10,J03,53
D10,K01,30
D10,K02,32
D10,K03,33
D10,K04,35
D10,K05,39
D10,K06,42
D10,K07,46
D10,K08,49
D10,F08,31
D10,B35,33
D10,G05,26
D10,G04,23
D10,N01,52
D10,N02,54
D10,N03,56
D10,N04,58
D10,N06,66
D11,A01,22
D11,C01,22
D11,A02,29
D11,A03,31
D11,A04,33
D11,A05,36
D11,A06,38
D11,A07,40
D11,A08,42
D11,A09,45
D11,A10,47
D11,A11,50
D11,A12,53
D11,A13,56
D11,A14,59
D11,A15,63
D11,B01,25
D11,F01,25
D11,B02,31
D11,B03,33
D11,B04,37
D11,B05,39
D11,B06,38
D11,E06,38
D11,B07,45
D11,B08,48
D11,B09,51
D11,B10,54
D11,B11,58
D11,C02,23
D11,C03,24
D11,C04,26
D11,C05,29
D11,C06,35
D11,C07,27
D11,C08,28
D11,C09,30
D11,C12,37
D11,C13,39
D11,C14,41
D11,C15,42
D11,D01,21
D11,D02,19
D11,D04,15
D11,D05,13
D11,D06,11
D11,D07,9
D11,D08,8
D11,D09,4
D11,D10,2
D11,D12,3
D11,D13,6
D11,E01,27
D11,E02,28
D11,E03,30
D11,E04,32
D11,E05,35
D11,E07,41
D11,E08,44
D11,E09,47
D11,E10,50
D11,F02,24
D11,D03,17
D11,F03,17
D11,F04,24
D11,F05,26
D11,F06,28
D11,F07,31
D11,F09,36
D11,F10,38
D11,F11,41
D11,G01,16
D11,G02,19
D11,G03,22
D11,C10,32
D11,J02,49
D11,J03,55
D11,K01,32
D11,K02,34
D11,K03,35
D11,K04,37
D11,K05,41
D11,K06,44
D11,K07,48
D11,K08,51
D11,F08,33
D11,B35,35
D11,G05,28
D11,G04,25
D11,N01,54
D11,N02,56
D11,N03,58
D11,N04,60
D11,N06,68
D12,A01,25
D12,C01,25
D12,A02,32
D12,A03,34
D12,A04,36
D12,A05,39
D12,A06,41
D12,A07,43
D12,A08,45
D12,A09,48
D12,A10,50
D12,A11,53
D12,A12,56
D12,A13,59
D12,A14,62
D12,A15,66
D12,B01,28
D12,F01,28
D12,B02,34
D12,B03,36
D12,B04,40
D12,B05,42
D12,B06,41
D12,E06,41
D12,B07,48
D12,B08,51
D12,B09,54
D12,B10,57
D12,B11,61
D12,C02,26
D12,C03,27
D12,C04,29
D12,C05,32
D12,C06,38
D12,C07,30
D12,C08,31
D12,C09,33
D12,C12,40
D12,C13,42
D12,C14,44
D12,C15,45
D12,D01,24
D12,D02,22
D12,D04,18
D12,D05,16
D12,D06,14
D12,D07,12
D12,D08,11
D12,D09,7
D12,D10,5
D12,D11,3
D12,D13,3
D12,E01,30
D12,E02,31
D12,E03,33
D12,E04,35
D12,E05,38
D12,E07,44
D12,E08,47
D12,E09,50
D12,E10,53
D12,F02,27
D12,D03,20
D12,F03,20
D12,F04,27
D12,F05,29
D12,F06,31
D12,F07,34
D12,F09,39
D12,F10,41
D12,F11,44
D12,G01,19
D12,G02,22
D12,G03,25
D12,C10,35
D12,J02,52
D12,J03,58
D12,K01,35
D12,K02,37
D12,K03,38
D12,K04,40
D12,K05,44
D12,K06,47
D12,K07,51
D12,K08,54
D12,F08,36
D12,B35,38
D12,G05,31
D12,G04,28
D12,N01,57
D12,N02,59
D12,N03,61
D12,N04,63
D12,N06,71
D13,A01,28
D13,C01,28
D13,A02,35
D13,A03,37
D13,A04,39
D13,A05,42
D13,A06,44
D13,A07,46
D13,A08,48
D13,A09,51
D13,A10,53
D13,A11,56
D13,A12,59
D13,A13,62
D13,A14,65
D13,A15,69
D13,B01,31
D13,F01,31
D13,B02,37
D13,B03,39
D13,B04,43
D13,B05,45
D13,B06,44
D13,E06,44
D13,B07,51
D13,B08,54
D13,B09,57
D13,B10,60
D13,B11,64
D13,C02,29
D13,C03,30
D13,C04,32
D13,C05,35
D13,C06,41
D13,C07,33
D13,C08,34
D13,C09,36
D13,C12,43
D13,C13,45
D13,C14,47
D13,C15,48
D13,D01,27
D13,D02,25
D13,D04,21
D13,D05,19
D13,D06,17
D13,D07,15
D13,D08,14
D13,D09,10
D13,D10,8
D13,D11,6
D13,D12,3
D13,E01,33
D13,E02,34
D13,E03,36
D13,E04,38
D13,E05,41
D13,E07,47
D13,E08,50
D13,E09,53
D13,E10,56
D13,F02,30
D13,D03,23
D13,F03,23
D13,F04,30
D13,F05,32
D13,F06,34
D13,F07,37
D13,F09,42
D13,F10,44
D13,F11,47
D13,G01,22
D13,G02,25
D13,G03,28
D13,C10,38
D13,J02,55
D13,J03,61
D13,K01,38
D13,K02,40
D13,K03,41
D13,K04,43
D13,K05,47
D13,K06,50
D13,K07,54
D13,K08,57
D13,F08,39
D13,B35,41
D13,G05,34
D13,G04,31
D13,N01,60
D13,N02,62
D13,N03,64
D13,N04,66
D13,N06,74
E01,A01,9
E01,C01,9
E01,A02,11
E01,A03,13
E01,A04,15
E01,A05,18
E01,A06,20
E01,A07,22
E01,A08,24
E01,A09,27
E01,A10,29
E01,A11,32
E01,A12,35
E01,A13,38
E01,A14,41
E01,A15,45
E01,B01,2
E01,F01,2
E01,B02,9
E01,B03,11
E01,B04,15
E01,B05,17
E01,B06,11
E01,E06,11
E01,B07,19
E01,B08,22
E01,B09,25
E01,B10,28
E01,B11,32
E01,C02,15
E01,C03,16
E01,C04,18
E01,C05,20
E01,C06,18
E01,C07,10
E01,C08,11
E01,C09,13
E01,C12,20
E01,C13,22
E01,C14,24
E01,C15,25
E01,D01,14
E01,D02,12
E01,D04,12
E01,D05,14
E01,D06,16
E01,D07,18
E01,D08,19
E01,D09,23
E01,D10,25
E01,D11,27
E01,D12,30
E01,D13,33
E01,E02,1
E01,E03,3
E01,E04,5
E01,E05,8
E01,E07,14
E01,E08,17
E01,E09,20
E01,E10,23
E01,F02,3
E01,D03,5
E01,F03,5
E01,F04,7
E01,F05,9
E01,F06,11
E01,F07,14
E01,F09,19
E01,F10,21
E01,F11,24
E01,G01,22
E01,G02,25
E01,G03,28
E01,C10,15
E01,J02,32
E01,J03,38
E01,K01,24
E01,K02,26
E01,K03,27
E01,K04,29
E01,K05,33
E01,K06,36
E01,K07,40
E01,K08,43
E01,F08,16
E01,B35,13
E01,G05,34
E01,G04,31
E01,N01,41
E01,N02,43
E01,N03,45
E01,N04,47
E01,N06,55
E02,A01,10
E02,C01,10
E02,A02,12
E02,A03,14
E02,A04,16
E02,A05,19
E02,A06,21
E02,A07,23
E02,A08,25
E02,A09,28
E02,A10,30
E02,A11,33
E02,A12,36
E02,A13,39
E02,A14,42
E02,A15,46
E02,B01,3
E02,F01,3
E02,B02,10
E02,B03,12
E02,B04,16
E02,B05,18
E02,B06,10
E02,E06,10
E02,B07,18
E02,B08,21
E02,B09,24
E02,B10,27
E02,B11,31
E02,C02,16
E02,C03,17
E02,C04,19
E02,C05,21
E02,C06,19
E02,C07,11
E02,C08,12
E02,C09,14
E02,C12,21
E02,C13,23
E02,C14,25
E02,C15,26
E02,D01,15
E02,D02,13
E02,D04,13
E02,D05,15
E02,D06,17
E02,D07,19
E02,D08,20
E02,D09,24
E02,D10,26
E02,D11,28
E02,D12,31
E02,D13,34
E02,E01,1
E02,E03,2
E02,E04,4
E02,E05,7
E02,E07,13
E02,E08,16
E02,E09,19
E02,E10,22
E02,F02,4
E02,D03,6
E02,F03,6
E02,F04,8
E02,F05,10
E02,F06,12
E02,F07,15
E02,F09,20
E02,F10,22
E02,F11,25
E02,G01,23
E02,G02,26
E02,G03,29
E02,C10,16
E02,J02,33
E02,J03,39
E02,K01,25
E02,K02,27
E02,K03,28
E02,K04,30
E02,K05,34
E02,K06,37
E02,K07,41
E02,K08,44
E02,F08,17
E02,B35,14
E02,G05,35
E02,G04,32
E02,N01,42
E02,N02,44
E02,N03,46
E02,N04,48
E02,N06,56
E03,A01,12
E03,C01,12
E03,A02,14
E03,A03,16
E03,A04,18
E03,A05,21
E03,A06,23
E03,A07,25
E03,A08,27
E03,A09,30
E03,A10,32
E03,A11,35
E03,A12,38
E03,A13,41
E03,A14,44
E03,A15,48
E03,B01,5
E03,F01,5
E03,B02,12
E03,B03,14
E03,B04,18
E03,B05,16
E03,B06,8
E03,E06,8
E03,B07,16
E03,B08,19
E03,B09,22
E03,B10,25
E03,B11,29
E03,C02,18
E03,C03,19
E03,C04,21
E03,C05,23
E03,C06,21
E03,C07,13
E03,C08,14
E03,C09,16
E03,C12,23
E03,C13,25
E03,C14,27
E03,C15,28
E03,D01,17
E03,D02,15
E03,D04,15
E03,D05,17
E03,D06,19
E03,D07,21
E03,D08,22
E03,D09,26
E03,D10,28
E03,D11,30
E03,D12,33
E03,D13,36
E03,E01,3
E03,E02,2
E03,E04,2
E03,E05,5
E03,E07,11
E03,E08,14
E03,E09,17
E03,E10,20
E03,F02,6
E03,D03,8
E03,F03,8
E03,F04,10
E03,F05,12
E03,F06,14
E03,F07,17
E03,F09,22
E03,F10,24
E03,F11,27
E03,G01,25
E03,G02,28
E03,G03,31
E03,C10,18
E03,J02,35
E03,J03,41
E03,K01,27
E03,K02,29
E03,K03,30
E03,K04,32
E03,K05,36
E03,K06,39
E03,K07,43
E03,K08,46
E03,F08,19
E03,B35,16
E03,G05,37
E03,G04,34
E03,N01,44
E03,N02,46
E03,N03,48
E03,N04,50
E03,N06,58
E04,A01,14
E04,C01,14
E04,A02,16
E04,A03,18
E04,A04,20
E04,A05,23
E04,A06,25
E04,A07,27
E04,A08,29
E04,A09,32
E04,A10,34
E04,A11,37
E04,A12,40
E04,A13,43
E04,A14,46
E04,A15,50
E04,B01,7
E04,F01,7
E04,B02,14
E04,B03,16
E04,B04,16
E04,B05,14
E04,B06,6
E04,E06,6
E04,B07,14
E04,B08,17
E04,B09,20
E04,B10,23
E04,B11,27
E04,C02,20
E04,C03,21
E04,C04,23
E04,C05,25
E04,C06,23
E04,C07,15
E04,C08,16
E04,C09,18
E04,C12,25
E04,C13,27
E04,C14,29
E04,C15,30
E04,D01,19
E04,D02,17
E04,D04,17
E04,D05,19
E04,D06,21
E04,D07,23
E04,D08,24
E04,D09,28
E04,D10,30
E04,D11,32
E04,D12,35
E04,D13,38
E04,E01,5
E04,E02,4
E04,E03,2
E04,E05,3
E04,E07,9
E04,E08,12
E04,E09,15
E04,E10,18
E04,F02,8
E04,D03,10
E04,F03,10
E04,F04,12
E04,F05,14
E04,F06,16
E04,F07,19
E04,F09,24
E04,F10,26
E04,F11,29
E04,G01,27
E04,G02,30
E04,G03,33
E04,C10,20
E04,J02,37
E04,J03,43
E04,K01,29
E04,K02,31
E04,K03,32
E04,K04,34
E04,K05,38
E04,K06,41
E04,K07,45
E04,K08,48
E04,F08,21
E04,B35,18
E04,G05,39
E04,G04,36
E04,N01,46
E04,N02,48
E04,N03,50
E04,N04,52
E04,N06,60
E05,A01,17
E05,C01,17
E05,A02,19
E05,A03,21
E05,A04,23
E05,A05,26
E05,A06,28
E05,A07,30
E05,A08,32
E05,A09,35
E05,A10,37
E05,A11,40
E05,A12,43
E05,A13,46
E05,A14,49
E05,A15,53
E05,B01,10
E05,F01,10
E05,B02,17
E05,B03,17
E05,B04,13
E05,B05,11
E05,B06,3
E05,E06,3
E05,B07,11
E05,B08,14
E05,B09,17
E05,B10,20
E05,B11,24
E05,C02,23
E05,C03,24
E05,C04,26
E05,C05,28
E05,C06,26
E05,C07,18
E05,C08,19
E05,C09,21
E05,C12,28
E05,C13,30
E05,C14,32
E05,C15,33
E05,D01,22
E05,D02,20
E05,D04,20
E05,D05,22
E05,D06,24
E05,D07,26
E05,D08,27
E05,D09,31
E05,D10,33
E05,D11,35
E05,D12,38
E05,D13,41
E05,E01,8
E05,E02,7
E05,E03,5
E05,E04,3
E05,E07,6
E05,E08,9
E05,E09,12
E05,E10,15
E05,F02,11
E05,D03,13
E05,F03,13
E05,F04,15
E05,F05,17
E05,F06,19
E05,F07,22
E05,F09,27
E05,F10,29
E05,F11,32
E05,G01,30
E05,G02,33
E05,G03,36
E05,C10,23
E05,J02,40
E05,J03,46
E05,K01,32
E05,K02,34
E05,K03,35
E05,K04,37
E05,K05,41
E05,K06,44
E05,K07,48
E05,K08,51
E05,F08,24
E05,B35,15
E05,G05,42
E05,G04,39
E05,N01,49
E05,N02,51
E05,N03,53
E05,N04,55
E05,N06,63
E07,A01,23
E07,C01,23
E07,A02,25
E07,A03,27
E07,A04,29
E07,A05,32
E07,A06,34
E07,A07,36
E07,A08,38
E07,A09,41
E07,A10,43
E07,A11,46
E07,A12,49
E07,A13,52
E07,A14,55
E07,A15,59
E07,B01,16
E07,F01,16
E07,B02,19
E07,B03,17
E07,B04,13
E07,B05,11
E07,B06,3
E07,E06,3
E07,B07,11
E07,B08,14
E07,B09,17
E07,B10,20
E07,B11,24
E07,C02,29
E07,C03,30
E07,C04,32
E07,C05,35
E07,C06,37
E07,C07,29
E07,C08,30
E07,C09,32
E07,C12,39
E07,C13,41
E07,C14,43
E07,C15,44
E07,D01,28
E07,D02,26
E07,D04,26
E07,D05,28
E07,D06,30
E07,D07,32
E07,D08,33
E07,D09,37
E07,D10,39
E07,D11,41
E07,D12,44
E07,D13,47
E07,E01,14
E07,E02,13
E07,E03,11
E07,E04,9
E07,E05,6
E07,E08,3
E07,E09,6
E07,E10,9
E07,F02,17
E07,D03,19
E07,F03,19
E07,F04,21
E07,F05,23
E07,F06,25
E07,F07,28
E07,F09,33
E07,F10,35
E07,F11,38
E07,G01,36
E07,G02,39
E07,G03,42
E07,C10,34
E07,J02,51
E07,J03,57
E07,K01,38
E07,K02,40
E07,K03,41
E07,K04,43
E07,K05,47
E07,K06,50
E07,K07,54
E07,K08,57
E07,F08,30
E07,B35,15
E07,G05,48
E07,G04,45
E07,N01,55
E07,N02,57
E07,N03,59
E07,N04,61
E07,N06,69
E08,A01,26
E08,C01,26
E08,A02,28
E08,A03,30
E08,A04,32
E08,A05,35
E08,A06,37
E08,A07,39
E08,A08,41
E08,A09,44
E08,A10,46
E08,A11,49
E08,A12,52
E08,A13,55
E08,A14,58
E08,A15,62
E08,B01,19
E08,F01,19
E08,B02,22
E08,B03,20
E08,B04,16
E08,B05,14
E08,B06,6
E08,E06,6
E08,B07,14
E08,B08,17
E08,B09,20
E08,B10,23
E08,B11,27
E08,C02,32
E08,C03,33
E08,C04,35
E08,C05,38
E08,C06,40
E08,C07,32
E08,C08,33
E08,C09,35
E08,C12,42
E08,C13,44
E08,C14,46
E08,C15,47
E08,D01,31
E08,D02,29
E08,D04,29
E08,D05,31
E08,D06,33
E08,D07,35
E08,D08,36
E08,D09,40
E08,D10,42
E08,D11,44
E08,D12,47
E08,D13,50
E08,E01,17
E08,E02,16
E08,E03,14
E08,E04,12
E08,E05,9
E08,E07,3
E08,E09,3
E08,E10,6
E08,F02,20
E08,D03,22
E08,F03,22
E08,F04,24
E08,F05,26
E08,F06,28
E08,F07,31
E08,F09,36
E08,F10,38
E08,F11,41
E08,G01,39
E08,G02,42
E08,G03,45
E08,C10,37
E08,J02,54
E08,J03,60
E08,K01,41
E08,K02,43
E08,K03,44
E08,K04,46
E08,K05,50
E08,K06,53
E08,K07,57
E08,K08,60
E08,F08,33
E08,B35,18
E08,G05,51
E08,G04,48
E08,N01,58
E08,N02,60
E08,N03,62
E08,N04,64
E08,N06,72
E09,A01,29
E09,C01,29
E09,A02,31
E09,A03,33
E09,A04,35
E09,A05,38
E09,A06,40
E09,A07,42
E09,A08,44
E09,A09,47
E09,A10,49
E09,A11,52
E09,A12,55
E09,A13,58
E09,A14,61
E09,A15,65
E09,B01,22
E09,F01,22
E09,B02,25
E09,B03,23
E09,B04,19
E09,B05,17
E09,B06,9
E09,E06,9
E09,B07,17
E09,B08,20
E09,B09,23
E09,B10,26
E09,B11,30
E09,C02,35
E09,C03,36
E09,C04,38
E09,C05,41
E09,C06,43
E09,C07,35
E09,C08,36
E09,C09,38
E09,C12,45
E09,C13,47
E09,C14,49
E09,C15,50
E09,D01,34
E09,D02,32
E09,D04,32
E09,D05,34
E09,D06,36
E09,D07,38
E09,D08,39
E09,D09,43
E09,D10,45
E09,D11,47
E09,D12,50
E09,D13,53
E09,E01,20
E09,E02,19
E09,E03,17
E09,E04,15
E09,E05,12
E09,E07,6
E09,E08,3
E09,E10,3
E09,F02,23
E09,D03,25
E09,F03,25
E09,F04,27
E09,F05,29
E09,F06,31
E09,F07,34
E09,F09,39
E09,F10,41
E09,F11,44
E09,G01,42
E09,G02,45
E09,G03,48
E09,C10,40
E09,J02,57
E09,J03,63
E09,K01,44
E09,K02,46
E09,K03,47
E09,K04,49
E09,K05,53
E09,K06,56
E09,K07,60
E09,K08,63
E09,F08,36
E09,B35,21
E09,G05,54
E09,G04,51
E09,N01,61
E09,N02,63
E09,N03,65
E09,N04,67
E09,N06,75
E10,A01,32
E10,C01,32
E10,A02,34
E10,A03,36
E10,A04,38
E10,A05,41
E10,A06,43
E10,A07,45
E10,A08,47
E10,A09,50
E10,A10,52
E10,A11,55
E10,A12,58
E10,A13,61
E10,A14,64
E10,A15,68
E10,B01,25
E10,F01,25
E10,B02,28
E10,B03,26
E10,B04,22
E10,B05,20
E10,B06,12
E10,E06,12
E10,B07,20
E10,B08,23
E10,B09,26
E10,B10,29
E10,B11,33
E10,C02,38
E10,C03,39
E10,C04,41
E10,C05,44
E10,C06,46
E10,C07,38
E10,C08,39
E10,C09,41
E10,C12,48
E10,C13,50
E10,C14,52
E10,C15,53
E10,D01,37
E10,D02,35
E10,D04,35
E10,D05,37
E10,D06,39
E10,D07,41
E10,D08,42
E10,D09,46
E10,D10,48
E10,D11,50
E10,D12,53
E10,D13,56
E10,E01,23
E10,E02,22
E10,E03,20
E10,E04,18
E10,E05,15
E10,E07,9
E10,E08,6
E10,E09,3
E10,F02,26
E10,D03,28
E10,F03,28
E10,F04,30
E10,F05,32
E10,F06,34
E10,F07,37
E10,F09,42
E10,F10,44
E10,F11,47
E10,G01,45
E10,G02,48
E10,G03,51
E10,C10,43
E10,J02,60
E10,J03,66
E10,K01,47
E10,K02,49
E10,K03,50
E10,K04,52
E10,K05,56
E10,K06,59
E10,K07,63
E10,K08,66
E10,F08,39
E10,B35,24
E10,G05,57
E10,G04,54
E10,N01,64
E10,N02,66
E10,N03,68
E10,N04,70
E10,N06,78
F02,A01,8
F02,C01,8
F02,A02,10
F02,A03,12
F02,A04,14
F02,A05,17
F02,A06,19
F02,A07,21
F02,A08,23
F02,A09,26
F02,A10,28
F02,A11,31
F02,A12,34
F02,A13,37
F02,A14,40
F02,A15,44
F02,B01,1
F02,F01,1
F02,B02,8
F02,B03,10
F02,B04,14
F02,B05,16
F02,B06,14
F02,E06,14
F02,B07,22
F02,B08,25
F02,B09,28
F02,B10,31
F02,B11,35
F02,C02,13
F02,C03,14
F02,C04,16
F02,C05,17
F02,C06,15
F02,C07,7
F02,C08,8
F02,C09,10
F02,C12,17
F02,C13,19
F02,C14,21
F02,C15,22
F02,D01,11
F02,D02,9
F02,D04,9
F02,D05,11
F02,D06,13
F02,D07,15
F02,D08,16
F02,D09,20
F02,D10,22
F02,D11,24
F02,D12,27
F02,D13,30
F02,E01,3
F02,E02,4
F02,E03,6
F02,E04,8
F02,E05,11
F02,E07,17
F02,E08,20
F02,E09,23
F02,E10,26
F02,D03,2
F02,F03,2
F02,F04,4
F02,F05,6
F02,F06,8
F02,F07,11
F02,F09,16
F02,F10,18
F02,F11,21
F02,G01,19
F02,G02,22
F02,G03,25
F02,C10,12
F02,J02,29
F02,J03,35
F02,K01,22
F02,K02,24
F02,K03,25
F02,K04,27
F02,K05,31
F02,K06,34
F02,K07,38
F02,K08,41
F02,F08,13
F02,B35,12
F02,G05,31
F02,G04,28
F02,N01,39
F02,N02,41
F02,N03,43
F02,N04,45
F02,N06,53
D03,A01,5
F03,A01,5
D03,C01,5
F03,C01,5
D03,A02,12
F03,A02,12
D03,A03,14
F03,A03,14
D03,A04,16
F03,A04,16
D03,A05,19
F03,A05,19
D03,A06,21
F03,A06,21
D03,A07,23
F03,A07,23
D03,A08,25
F03,A08,25
D03,A09,28
F03,A09,28
D03,A10,30
F03,A10,30
D03,A11,33
F03,A11,33
D03,A12,36
F03,A12,36
D03,A13,39
F03,A13,39
D03,A14,42
F03,A14,42
D03,A15,46
F03,A15,46
D03,B01,3
F03,B01,3
D03,F01,3
F03,F01,3
D03,B02,10
F03,B02,10
D03,B03,12
F03,B03,12
D03,B04,16
F03,B04,16
D03,B05,18
F03,B05,18
D03,B06,16
F03,B06,16
D03,E06,16
F03,E06,16
D03,B07,24
F03,B07,24
D03,B08,27
F03,B08,27
D03,B09,30
F03,B09,30
D03,B10,33
F03,B10,33
D03,B11,37
F03,B11,37
D03,C02,6
F03,C02,6
D03,C03,7
F03,C03,7
D03,C04,9
F03,C04,9
D03,C05,12
F03,C05,12
D03,C06,13
F03,C06,13
D03,C07,5
F03,C07,5
D03,C08,6
F03,C08,6
D03,C09,8
F03,C09,8
D03,C12,15
F03,C12,15
D03,C13,17
F03,C13,17
D03,C14,19
F03,C14,19
D03,C15,20
F03,C15,20
D03,D01,4
F03,D01,4
D03,D02,2
F03,D02,2
D03,D04,2
F03,D04,2
D03,D05,4
F03,D05,4
D03,D06,6
F03,D06,6
D03,D07,8
F03,D07,8
D03,D08,9
F03,D08,9
D03,D09,13
F03,D09,13
D03,D10,15
F03,D10,15
D03,D11,17
F03,D11,17
D03,D12,20
F03,D12,20
D03,D13,23
F03,D13,23
D03,E01,5
F03,E01,5
D03,E02,6
F03,E02,6
D03,E03,8
F03,E03,8
D03,E04,10
F03,E04,10
D03,E05,13
F03,E05,13
D03,E07,19
F03,E07,19
D03,E08,22
F03,E08,22
D03,E09,25
F03,E09,25
D03,E10,28
F03,E10,28
D03,F02,2
F03,F02,2
D03,F04,2
F03,F04,2
D03,F05,4
F03,F05,4
D03,F06,6
F03,F06,6
D03,F07,9
F03,F07,9
D03,F09,14
F03,F09,14
D03,F10,16
F03,F10,16
D03,F11,19
F03,F11,19
D03,G01,12
F03,G01,12
D03,G02,15
F03,G02,15
D03,G03,18
F03,G03,18
D03,C10,10
F03,C10,10
D03,J02,27
F03,J02,27
D03,J03,33
F03,J03,33
D03,K01,15
F03,K01,15
D03,K02,17
F03,K02,17
D03,K03,18
F03,K03,18
D03,K04,20
F03,K04,20
D03,K05,24
F03,K05,24
D03,K06,27
F03,K06,27
D03,K07,31
F03,K07,31
D03,K08,34
F03,K08,34
D03,F08,11
F03,F08,11
D03,B35,14
F03,B35,14
D03,G05,24
F03,G05,24
D03,G04,21
F03,G04,21
D03,N01,32
F03,N01,32
D03,N02,34
F03,N02,34
D03,N03,36
F03,N03,36
D03,N04,38
F03,N04,38
D03,N06,46
F03,N06,46
F04,A01,12
F04,C01,12
F04,A02,14
F04,A03,16
F04,A04,18
F04,A05,21
F04,A06,23
F04,A07,25
F04,A08,27
F04,A09,30
F04,A10,32
F04,A11,35
F04,A12,38
F04,A13,41
F04,A14,44
F04,A15,48
F04,B01,5
F04,F01,5
F04,B02,12
F04,B03,14
F04,B04,18
F04,B05,20
F04,B06,18
F04,E06,18
F04,B07,26
F04,B08,29
F04,B09,32
F04,B10,35
F04,B11,39
F04,C02,13
F04,C03,14
F04,C04,16
F04,C05,19
F04,C06,20
F04,C07,12
F04,C08,13
F04,C09,15
F04,C12,22
F04,C13,24
F04,C14,26
F04,C15,27
F04,D01,11
F04,D02,9
F04,D04,9
F04,D05,11
F04,D06,13
F04,D07,15
F04,D08,16
F04,D09,20
F04,D10,22
F04,D11,24
F04,D12,27
F04,D13,30
F04,E01,7
F04,E02,8
F04,E03,10
F04,E04,12
F04,E05,15
F04,E07,21
F04,E08,24
F04,E09,27
F04,E10,30
F04,F02,4
F04,D03,2
F04,F03,2
F04,F05,2
F04,F06,4
F04,F07,7
F04,F09,12
F04,F10,14
F04,F11,17
F04,G01,19
F04,G02,22
F04,G03,25
F04,C10,17
F04,J02,34
F04,J03,40
F04,K01,22
F04,K02,24
F04,K03,25
F04,K04,27
F04,K05,31
F04,K06,34
F04,K07,38
F04,K08,41
F04,F08,9
F04,B35,16
F04,G05,31
F04,G04,28
F04,N01,39
F04,N02,41
F04,N03,43
F04,N04,45
F04,N06,53
F05,A01,14
F05,C01,14
F05,A02,16
F05,A03,18
F05,A04,20
F05,A05,23
F05,A06,25
F05,A07,27
F05,A08,29
F05,A09,32
F05,A10,34
F05,A11,37
F05,A12,40
F05,A13,43
F05,A14,46
F05,A15,50
F05,B01,7
F05,F01,7
F05,B02,14
F05,B03,16
F05,B04,20
F05,B05,22
F05,B06,20
F05,E06,20
F05,B07,28
F05,B08,31
F05,B09,34
F05,B10,37
F05,B11,41
F05,C02,15
F05,C03,16
F05,C04,18
F05,C05,21
F05,C06,22
F05,C07,14
F05,C08,15
F05,C09,17
F05,C12,24
F05,C13,26
F05,C14,28
F05,C15,29
F05,D01,13
F05,D02,11
F05,D04,11
F05,D05,13
F05,D06,15
F05,D07,17
F05,D08,18
F05,D09,22
F05,D10,24
F05,D11,26
F05,D12,29
F05,D13,32
F05,E01,9
F05,E02,10
F05,E03,12
F05,E04,14
F05,E05,17
F05,E07,23
F05,E08,26
F05,E09,29
F05,E10,32
F05,F02,6
F05,D03,4
F05,F03,4
F05,F04,2
F05,F06,2
F05,F07,5
F05,F09,10
F05,F10,12
F05,F11,15
F05,G01,21
F05,G02,24
F05,G03,27
F05,C10,19
F05,J02,36
F05,J03,42
F05,K01,24
F05,K02,26
F05,K03,27
F05,K04,29
F05,K05,33
F05,K06,36
F05,K07,40
F05,K08,43
F05,F08,7
F05,B35,18
F05,G05,33
F05,G04,30
F05,N01,41
F05,N02,43
F05,N03,45
F05,N04,47
F05,N06,55
F06,A01,16
F06,C01,16
F06,A02,18
F06,A03,20
F06,A04,22
F06,A05,25
F06,A06,27
F06,A07,29
F06,A08,31
F06,A09,34
F06,A10,36
F06,A11,39
F06,A12,42
F06,A13,45
F06,A14,48
F06,A15,52
F06,B01,9
F06,F01,9
F06,B02,16
F06,B03,18
F06,B04,22
F06,B05,24
F06,B06,22
F06,E06,22
F06,B07,30
F06,B08,33
F06,B09,36
F06,B10,39
F06,B11,43
F06,C02,17
F06,C03,18
F06,C04,20
F06,C05,23
F06,C06,24
F06,C07,16
F06,C08,17
F06,C09,19
F06,C12,26
F06,C13,28
F06,C14,30
F06,C15,31
F06,D01,15
F06,D02,13
F06,D04,13
F06,D05,15
F06,D06,17
F06,D07,19
F06,D08,20
F06,D09,24
F06,D10,26
F06,D11,28
F06,D12,31
F06,D13,34
F06,E01,11
F06,E02,12
F06,E03,14
F06,E04,16
F06,E05,19
F06,E07,25
F06,E08,28
F06,E09,31
F06,E10,34
F06,F02,8
F06,D03,6
F06,F03,6
F06,F04,4
F06,F05,2
F06,F07,3
F06,F09,8
F06,F10,10
F06,F11,13
F06,G01,23
F06,G02,26
F06,G03,29
F06,C10,21
F06,J02,38
F06,J03,44
F06,K01,26
F06,K02,28
F06,K03,29
F06,K04,31
F06,K05,35
F06,K06,38
F06,K07,42
F06,K08,45
F06,F08,5
F06,B35,20
F06,G05,35
F06,G04,32
F06,N01,43
F06,N02,45
F06,N03,47
F06,N04,49
F06,N06,57
F07,A01,19
F07,C01,19
F07,A02,21
F07,A03,23
F07,A04,25
F07,A05,28
F07,A06,30
F07,A07,32
F07,A08,34
F07,A09,37
F07,A10,39
F07,A11,42
F07,A12,45
F07,A13,48
F07,A14,51
F07,A15,55
F07,B01,12
F07,F01,12
F07,B02,19
F07,B03,21
F07,B04,25
F07,B05,27
F07,B06,25
F07,E06,25
F07,B07,33
F07,B08,36
F07,B09,39
F07,B10,42
F07,B11,46
F07,C02,20
F07,C03,21
F07,C04,23
F07,C05,26
F07,C06,27
F07,C07,19
F07,C08,20
F07,C09,22
F07,C12,29
F07,C13,31
F07,C14,33
F07,C15,34
F07,D01,18
F07,D02,16
F07,D04,16
F07,D05,18
F07,D06,20
F07,D07,22
F07,D08,23
F07,D09,27
F07,D10,29
F07,D11,31
F07,D12,34
F07,D13,37
F07,E01,14
F07,E02,15
F07,E03,17
F07,E04,19
F07,E05,22
F07,E07,28
F07,E08,31
F07,E09,34
F07,E10,37
F07,F02,11
F07,D03,9
F07,F03,9
F07,F04,7
F07,F05,5
F07,F06,3
F07,F09,5
F07,F10,7
F07,F11,10
F07,G01,26
F07,G02,29
F07,G03,32
F07,C10,24
F07,J02,41
F07,J03,47
F07,K01,29
F07,K02,31
F07,K03,32
F07,K04,34
F07,K05,38
F07,K06,41
F07,K07,45
F07,K08,48
F07,F08,2
F07,B35,23
F07,G05,38
F07,G04,35
F07,N01,46
F07,N02,48
F07,N03,50
F07,N04,52
F07,N06,60
F09,A01,24
F09,C01,24
F09,A02,26
F09,A03,28
F09,A04,30
F09,A05,33
F09,A06,35
F09,A07,37
F09,A08,39
F09,A09,42
F09,A10,44
F09,A11,47
F09,A12,50
F09,A13,53
F09,A14,56
F09,A15,60
F09,B01,17
F09,F01,17
F09,B02,24
F09,B03,26
F09,B04,30
F09,B05,32
F09,B06,30
F09,E06,30
F09,B07,38
F09,B08,41
F09,B09,44
F09,B10,47
F09,B11,51
F09,C02,25
F09,C03,26
F09,C04,28
F09,C05,31
F09,C06,32
F09,C07,24
F09,C08,25
F09,C09,27
F09,C12,34
F09,C13,36
F09,C14,38
F09,C15,39
F09,D01,23
F09,D02,21
F09,D04,21
F09,D05,23
F09,D06,25
F09,D07,27
F09,D08,28
F09,D09,32
F09,D10,34
F09,D11,36
F09,D12,39
F09,D13,42
F09,E01,19
F09,E02,20
F09,E03,22
F09,E04,24
F09,E05,27
F09,E07,33
F09,E08,36
F09,E09,39
F09,E10,42
F09,F02,16
F09,D03,14
F09,F03,14
F09,F04,12
F09,F05,10
F09,F06,8
F09,F07,5
F09,F10,2
F09,F11,5
F09,G01,31
F09,G02,34
F09,G03,37
F09,C10,29
F09,J02,46
F09,J03,52
F09,K01,34
F09,K02,36
F09,K03,37
F09,K04,39
F09,K05,43
F09,K06,46
F09,K07,50
F09,K08,53
F09,F08,3
F09,B35,28
F09,G05,43
F09,G04,40
F09,N01,51
F09,N02,53
F09,N03,55
F09,N04,57
F09,N06,65
F10,A01,26
F10,C01,26
F10,A02,28
F10,A03,30
F10,A04,32
F10,A05,35
F10,A06,37
F10,A07,39
F10,A08,41
F10,A09,44
F10,A10,46
F10,A11,49
F10,A12,52
F10,A13,55
F10,A14,58
F10,A15,62
F10,B01,19
F10,F01,19
F10,B02,26
F10,B03,28
F10,B04,32
F10,B05,34
F10,B06,32
F10,E06,32
F10,B07,40
F10,B08,43
F10,B09,46
F10,B10,49
F10,B11,53
F10,C02,27
F10,C03,28
F10,C04,30
F10,C05,33
F10,C06,34
F10,C07,26
F10,C08,27
F10,C09,29
F10,C12,36
F10,C13,38
F10,C14,40
F10,C15,41
F10,D01,25
F10,D02,23
F10,D04,23
F10,D05,25
F10,D06,27
F10,D07,29
F10,D08,30
F10,D09,34
F10,D10,36
F10,D11,38
F10,D12,41
F10,D13,44
F10,E01,21
F10,E02,22
F10,E03,24
F10,E04,26
F10,E05,29
F10,E07,35
F10,E08,38
F10,E09,41
F10,E10,44
F10,F02,18
F10,D03,16
F10,F03,16
F10,F04,14
F10,F05,12
F10,F06,10
F10,F07,7
F10,F09,2
F10,F11,3
F10,G01,33
F10,G02,36
F10,G03,39
F10,C10,31
F10,J02,48
F10,J03,54
F10,K01,36
F10,K02,38
F10,K03,39
F10,K04,41
F10,K05,45
F10,K06,48
F10,K07,52
F10,K08,55
F10,F08,5
F10,B35,30
F10,G05,45
F10,G04,42
F10,N01,53
F10,N02,55
F10,N03,57
F10,N04,59
F10,N06,67
F11,A01,29
F11,C01,29
F11,A02,31
F11,A03,33
F11,A04,35
F11,A05,38
F11,A06,40
F11,A07,42
F11,A08,44
F11,A09,47
F11,A10,49
F11,A11,52
F11,A12,55
F11,A13,58
F11,A14,61
F11,A15,65
F11,B01,22
F11,F01,22
F11,B02,29
F11,B03,31
F11,B04,35
F11,B05,37
F11,B06,35
F11,E06,35
F11,B07,43
F11,B08,46
F11,B09,49
F11,B10,52
F11,B11,56
F11,C02,30
F11,C03,31
F11,C04,33
F11,C05,36
F11,C06,37
F11,C07,29
F11,C08,30
F11,C09,32
F11,C12,39
F11,C13,41
F11,C14,43
F11,C15,44
F11,D01,28
F11,D02,26
F11,D04,26
F11,D05,28
F11,D06,30
F11,D07,32
F11,D08,33
F11,D09,37
F11,D10,39
F11,D11,41
F11,D12,44
F11,D13,47
F11,E01,24
F11,E02,25
F11,E03,27
F11,E04,29
F11,E05,32
F11,E07,38
F11,E08,41
F11,E09,44
F11,E10,47
F11,F02,21
F11,D03,19
F11,F03,19
F11,F04,17
F11,F05,15
F11,F06,13
F11,F07,10
F11,F09,5
F11,F10,3
F11,G01,36
F11,G02,39
F11,G03,42
F11,C10,34
F11,J02,51
F11,J03,57
F11,K01,39
F11,K02,41
F11,K03,42
F11,K04,44
F11,K05,48
F11,K06,51
F11,K07,55
F11,K08,58
F11,F08,8
F11,B35,33
F11,G05,48
F11,G04,45
F11,N01,56
F11,N02,58
F11,N03,60
F11,N04,62
F11,N06,70
G01,A01,17
G01,C01,17
G01,A02,24
G01,A03,26
G01,A04,28
G01,A05,31
G01,A06,33
G01,A07,35
G01,A08,37
G01,A09,40
G01,A10,42
G01,A11,45
G01,A12,48
G01,A13,51
G01,A14,54
G01,A15,58
G01,B01,20
G01,F01,20
G01,B02,26
G01,B03,28
G01,B04,32
G01,B05,34
G01,B06,33
G01,E06,33
G01,B07,40
G01,B08,43
G01,B09,46
G01,B10,49
G01,B11,53
G01,C02,18
G01,C03,19
G01,C04,21
G01,C05,24
G01,C06,26
G01,C07,22
G01,C08,23
G01,C09,25
G01,C12,32
G01,C13,34
G01,C14,36
G01,C15,37
G01,D01,16
G01,D02,14
G01,D04,10
G01,D05,8
G01,D06,6
G01,D07,4
G01,D08,3
G01,D09,12
G01,D10,14
G01,D11,16
G01,D12,19
G01,D13,22
G01,E01,22
G01,E02,23
G01,E03,25
G01,E04,27
G01,E05,30
G01,E07,36
G01,E08,39
G01,E09,42
G01,E10,45
G01,F02,19
G01,D03,12
G01,F03,12
G01,F04,19
G01,F05,21
G01,F06,23
G01,F07,26
G01,F09,31
G01,F10,33
G01,F11,36
G01,G02,3
G01,G03,6
G01,C10,27
G01,J02,44
G01,J03,50
G01,K01,27
G01,K02,29
G01,K03,30
G01,K04,32
G01,K05,36
G01,K06,44
G01,K07,48
G01,K08,51
G01,F08,28
G01,B35,30
G01,G05,12
G01,G04,9
G01,N01,44
G01,N02,46
G01,N03,48
G01,N04,50
G01,N06,58
G02,A01,20
G02,C01,20
G02,A02,27
G02,A03,29
G02,A04,31
G02,A05,34
G02,A06,36
G02,A07,38
G02,A08,40
G02,A09,43
G02,A10,45
G02,A11,48
G02,A12,51
G02,A13,54
G02,A14,57
G02,A15,61
G02,B01,23
G02,F01,23
G02,B02,29
G02,B03,31
G02,B04,35
G02,B05,37
G02,B06,36
G02,E06,36
G02,B07,43
G02,B08,46
G02,B09,49
G02,B10,52
G02,B11,56
G02,C02,21
G02,C03,22
G02,C04,24
G02,C05,27
G02,C06,29
G02,C07,25
G02,C08,26
G02,C09,28
G02,C12,35
G02,C13,37
G02,C14,39
G02,C15,40
G02,D01,19
G02,D02,17
G02,D04,13
G02,D05,11
G02,D06,9
G02,D07,7
G02,D08,6
G02,D09,15
G02,D10,17
G02,D11,19
G02,D12,22
G02,D13,25
G02,E01,25
G02,E02,26
G02,E03,28
G02,E04,30
G02,E05,33
G02,E07,39
G02,E08,42
G02,E09,45
G02,E10,48
G02,F02,22
G02,D03,15
G02,F03,15
G02,F04,22
G02,F05,24
G02,F06,26
G02,F07,29
G02,F09,34
G02,F10,36
G02,F11,39
G02,G01,3
G02,G03,3
G02,C10,30
G02,J02,47
G02,J03,53
G02,K01,30
G02,K02,32
G02,K03,33
G02,K04,35
G02,K05,39
G02,K06,47
G02,K07,51
G02,K08,54
G02,F08,31
G02,B35,33
G02,G05,9
G02,G04,6
G02,N01,47
G02,N02,49
G02,N03,51
G02,N04,53
G02,N06,61
G03,A01,23
G03,C01,23
G03,A02,30
G03,A03,32
G03,A04,34
G03,A05,37
G03,A06,39
G03,A07,41
G03,A08,43
G03,A09,46
G03,A10,48
G03,A11,51
G03,A12,54
G03,A13,57
G03,A14,60
G03,A15,64
G03,B01,26
G03,F01,26
G03,B02,32
G03,B03,34
G03,B04,38
G03,B05,40
G03,B06,39
G03,E06,39
G03,B07,46
G03,B08,49
G03,B09,52
G03,B10,55
G03,B11,59
G03,C02,24
G03,C03,25
G03,C04,27
G03,C05,30
G03,C06,32
G03,C07,28
G03,C08,29
G03,C09,31
G03,C12,38
G03,C13,40
G03,C14,42
G03,C15,43
G03,D01,22
G03,D02,20
G03,D04,16
G03,D05,14
G03,D06,12
G03,D07,10
G03,D08,9
G03,D09,18
G03,D10,20
G03,D11,22
G03,D12,25
G03,D13,28
G03,E01,28
G03,E02,29
G03,E03,31
G03,E04,33
G03,E05,36
G03,E07,42
G03,E08,45
G03,E09,48
G03,E10,51
G03,F02,25
G03,D03,18
G03,F03,18
G03,F04,25
G03,F05,27
G03,F06,29
G03,F07,32
G03,F09,37
G03,F10,39
G03,F11,42
G03,G01,6
G03,G02,3
G03,C10,33
G03,J02,50
G03,J03,56
G03,K01,33
G03,K02,35
G03,K03,36
G03,K04,38
G03,K05,42
G03,K06,50
G03,K07,54
G03,K08,57
G03,F08,34
G03,B35,36
G03,G05,6
G03,G04,3
G03,N01,50
G03,N02,52
G03,N03,54
G03,N04,56
G03,N06,64
C10,A01,17
C10,C01,17
C10,A02,22
C10,A03,24
C10,A04,26
C10,A05,29
C10,A06,31
C10,A07,33
C10,A08,35
C10,A09,38
C10,A10,40
C10,A11,43
C10,A12,46
C10,A13,49
C10,A14,52
C10,A15,56
C10,B01,13
C10,F01,13
C10,B02,20
C10,B03,22
C10,B04,26
C10,B05,28
C10,B06,26
C10,E06,26
C10,B07,34
C10,B08,37
C10,B09,40
C10,B10,43
C10,B11,47
C10,C02,16
C10,C03,15
C10,C04,13
C10,C05,10
C10,C06,8
C10,C07,5
C10,C08,4
C10,C09,2
C10,C12,5
C10,C13,7
C10,C14,9
C10,C15,10
C10,D01,18
C10,D02,17
C10,D04,17
C10,D05,19
C10,D06,21
C10,D07,23
C10,D08,24
C10,D09,28
C10,D10,30
C10,D11,32
C10,D12,35
C10,D13,38
C10,E01,15
C10,E02,16
C10,E03,18
C10,E04,20
C10,E05,23
C10,E07,34
C10,E08,37
C10,E09,40
C10,E10,43
C10,F02,12
C10,D03,10
C10,F03,10
C10,F04,17
C10,F05,19
C10,F06,21
C10,F07,24
C10,F09,29
C10,F10,31
C10,F11,34
C10,G01,27
C10,G02,30
C10,G03,33
C10,J02,12
C10,J03,18
C10,K01,18
C10,K02,20
C10,K03,21
C10,K04,23
C10,K05,27
C10,K06,30
C10,K07,34
C10,K08,37
C10,F08,26
C10,B35,24
C10,G05,39
C10,G04,36
C10,N01,35
C10,N02,37
C10,N03,39
C10,N04,41
C10,N06,49
J02,A01,29
J02,C01,29
J02,A02,36
J02,A03,38
J02,A04,40
J02,A05,43
J02,A06,45
J02,A07,47
J02,A08,49
J02,A09,52
J02,A10,54
J02,A11,57
J02,A12,60
J02,A13,63
J02,A14,66
J02,A15,70
J02,B01,30
J02,F01,30
J02,B02,37
J02,B03,39
J02,B04,43
J02,B05,45
J02,B06,43
J02,E06,43
J02,B07,51
J02,B08,54
J02,B09,57
J02,B10,60
J02,B11,64
J02,C02,28
J02,C03,27
J02,C04,25
J02,C05,22
J02,C06,20
J02,C07,17
J02,C08,16
J02,C09,14
J02,C12,7
J02,C13,5
J02,C14,12
J02,C15,13
J02,D01,30
J02,D02,32
J02,D04,34
J02,D05,36
J02,D06,38
J02,D07,40
J02,D08,41
J02,D09,45
J02,D10,47
J02,D11,49
J02,D12,52
J02,D13,55
J02,E01,32
J02,E02,33
J02,E03,35
J02,E04,37
J02,E05,40
J02,E07,51
J02,E08,54
J02,E09,57
J02,E10,60
J02,F02,29
J02,D03,27
J02,F03,27
J02,F04,34
J02,F05,36
J02,F06,38
J02,F07,41
J02,F09,46
J02,F10,48
J02,F11,51
J02,G01,44
J02,G02,47
J02,G03,50
J02,C10,12
J02,J03,6
J02,K01,30
J02,K02,32
J02,K03,33
J02,K04,35
J02,K05,39
J02,K06,42
J02,K07,46
J02,K08,49
J02,F08,43
J02,B35,41
J02,G05,56
J02,G04,53
J02,N01,47
J02,N02,49
J02,N03,51
J02,N04,53
J02,N06,61
J03,A01,35
J03,C01,35
J03,A02,42
J03,A03,44
J03,A04,46
J03,A05,49
J03,A06,51
J03,A07,53
J03,A08,55
J03,A09,58
J03,A10,60
J03,A11,63
J03,A12,66
J03,A13,69
J03,A14,72
J03,A15,76
J03,B01,36
J03,F01,36
J03,B02,43
J03,B03,45
J03,B04,49
J03,B05,51
J03,B06,49
J03,E06,49
J03,B07,57
J03,B08,60
J03,B09,63
J03,B10,66
J03,B11,70
J03,C02,34
J03,C03,33
J03,C04,31
J03,C05,28
J03,C06,26
J03,C07,23
J03,C08,22
J03,C09,20
J03,C12,13
J03,C13,11
J03,C14,18
J03,C15,19
J03,D01,36
J03,D02,38
J03,D04,40
J03,D05,42
J03,D06,44
J03,D07,46
J03,D08,47
J03,D09,51
J03,D10,53
J03,D11,55
J03,D12,58
J03,D13,61
J03,E01,38
J03,E02,39
J03,E03,41
J03,E04,43
J03,E05,46
J03,E07,57
J03,E08,60
J03,E09,63
J03,E10,66
J03,F02,35
J03,D03,33
J03,F03,33
J03,F04,40
J03,F05,42
J03,F06,44
J03,F07,47
J03,F09,52
J03,F10,54
J03,F11,57
J03,G01,50
J03,G02,53
J03,G03,56
J03,C10,18
J03,J02,6
J03,K01,36
J03,K02,38
J03,K03,39
J03,K04,41
J03,K05,45
J03,K06,48
J03,K07,52
J03,K08,55
J03,F08,49
J03,B35,47
J03,G05,62
J03,G04,59
J03,N01,53
J03,N02,55
J03,N03,57
J03,N04,59
J03,N06,67
K01,A01,10
K01,C01,10
K01,A02,17
K01,A03,19
K01,A04,21
K01,A05,24
K01,A06,26
K01,A07,28
K01,A08,30
K01,A09,33
K01,A10,35
K01,A11,38
K01,A12,41
K01,A13,44
K01,A14,47
K01,A15,51
K01,B01,17
K01,F01,17
K01,B02,19
K01,B03,21
K01,B04,25
K01,B05,27
K01,B06,30
K01,E06,30
K01,B07,33
K01,B08,36
K01,B09,39
K01,B10,42
K01,B11,46
K01,C02,9
K01,C03,8
K01,C04,6
K01,C05,3
K01,C06,10
K01,C07,13
K01,C08,14
K01,C09,16
K01,C12,23
K01,C13,25
K01,C14,32
K01,C15,33
K01,D01,11
K01,D02,13
K01,D04,17
K01,D05,19
K01,D06,21
K01,D07,23
K01,D08,24
K01,D09,28
K01,D10,30
K01,D11,32
K01,D12,35
K01,D13,38
K01,E01,24
K01,E02,25
K01,E03,27
K01,E04,29
K01,E05,32
K01,E07,38
K01,E08,41
K01,E09,44
K01,E10,47
K01,F02,22
K01,D03,15
K01,F03,15
K01,F04,22
K01,F05,24
K01,F06,26
K01,F07,29
K01,F09,34
K01,F10,36
K01,F11,39
K01,G01,27
K01,G02,30
K01,G03,33
K01,C10,18
K01,J02,30
K01,J03,36
K01,K02,2
K01,K03,3
K01,K04,5
K01,K05,9
K01,K06,12
K01,K07,16
K01,K08,19
K01,F08,31
K01,B35,23
K01,G05,39
K01,G04,36
K01,N01,17
K01,N02,19
K01,N03,21
K01,N04,23
K01,N06,31
K02,A01,12
K02,C01,12
K02,A02,19
K02,A03,21
K02,A04,23
K02,A05,26
K02,A06,28
K02,A07,30
K02,A08,32
K02,A09,35
K02,A10,37
K02,A11,40
K02,A12,43
K02,A13,46
K02,A14,49
K02,A15,53
K02,B01,19
K02,F01,19
K02,B02,21
K02,B03,23
K02,B04,27
K02,B05,29
K02,B06,32
K02,E06,32
K02,B07,35
K02,B08,38
K02,B09,41
K02,B10,44
K02,B11,48
K02,C02,11
K02,C03,10
K02,C04,8
K02,C05,5
K02,C06,12
K02,C07,15
K02,C08,16
K02,C09,18
K02,C12,25
K02,C13,27
K02,C14,34
K02,C15,35
K02,D01,13
K02,D02,15
K02,D04,19
K02,D05,21
K02,D06,23
K02,D07,25
K02,D08,26
K02,D09,30
K02,D10,32
K02,D11,34
K02,D12,37
K02,D13,40
K02,E01,26
K02,E02,27
K02,E03,29
K02,E04,31
K02,E05,34
K02,E07,40
K02,E08,43
K02,E09,46
K02,E10,49
K02,F02,24
K02,D03,17
K02,F03,17
K02,F04,24
K02,F05,26
K02,F06,28
K02,F07,31
K02,F09,36
K02,F10,38
K02,F11,41
K02,G01,29
K02,G02,32
K02,G03,35
K02,C10,20
K02,J02,32
K02,J03,38
K02,K01,2
K02,K03,1
K02,K04,3
K02,K05,7
K02,K06,10
K02,K07,14
K02,K08,17
K02,F08,33
K02,B35,25
K02,G05,41
K02,G04,38
K02,N01,15
K02,N02,17
K02,N03,19
K02,N04,21
K02,N06,29
K03,A01,13
K03,C01,13
K03,A02,20
K03,A03,22
K03,A04,24
K03,A05,27
K03,A06,29
K03,A07,31
K03,A08,33
K03,A09,36
K03,A10,38
K03,A11,41
K03,A12,44
K03,A13,47
K03,A14,50
K03,A15,54
K03,B01,20
K03,F01,20
K03,B02,22
K03,B03,24
K03,B04,28
K03,B05,30
K03,B06,33
K03,E06,33
K03,B07,36
K03,B08,39
K03,B09,42
K03,B10,45
K03,B11,49
K03,C02,12
K03,C03,11
K03,C04,9
K03,C05,6
K03,C06,13
K03,C07,16
K03,C08,17
K03,C09,19
K03,C12,26
K03,C13,28
K03,C14,35
K03,C15,36
K03,D01,14
K03,D02,16
K03,D04,20
K03,D05,22
K03,D06,24
K03,D07,26
K03,D08,27
K03,D09,31
K03,D10,33
K03,D11,35
K03,D12,38
K03,D13,41
K03,E01,27
K03,E02,28
K03,E03,30
K03,E04,32
K03,E05,35
K03,E07,41
K03,E08,44
K03,E09,47
K03,E10,50
K03,F02,25
K03,D03,18
K03,F03,18
K03,F04,25
K03,F05,27
K03,F06,29
K03,F07,32
K03,F09,37
K03,F10,39
K03,F11,42
K03,G01,30
K03,G02,33
K03,G03,36
K03,C10,21
K03,J02,33
K03,J03,39
K03,K01,3
K03,K02,1
K03,K04,2
K03,K05,6
K03,K06,9
K03,K07,13
K03,K08,16
K03,F08,34
K03,B35,26
K03,G05,42
K03,G04,39
K03,N01,14
K03,N02,16
K03,N03,18
K03,N04,20
K03,N06,28
K04,A01,15
K04,C01,15
K04,A02,22
K04,A03,24
K04,A04,26
K04,A05,29
K04,A06,31
K04,A07,33
K04,A08,35
K04,A09,38
K04,A10,40
K04,A11,43
K04,A12,46
K04,A13,49
K04,A14,52
K04,A15,56
K04,B01,22
K04,F01,22
K04,B02,24
K04,B03,26
K04,B04,30
K04,B05,32
K04,B06,35
K04,E06,35
K04,B07,38
K04,B08,41
K04,B09,44
K04,B10,47
K04,B11,51
K04,C02,14
K04,C03,13
K04,C04,11
K04,C05,8
K04,C06,15
K04,C07,18
K04,C08,19
K04,C09,21
K04,C12,28
K04,C13,30
K04,C14,37
K04,C15,38
K04,D01,16
K04,D02,18
K04,D04,22
K04,D05,24
K04,D06,26
K04,D07,28
K04,D08,29
K04,D09,33
K04,D10,35
K04,D11,37
K04,D12,40
K04,D13,43
K04,E01,29
K04,E02,30
K04,E03,32
K04,E04,34
K04,E05,37
K04,E07,43
K04,E08,46
K04,E09,49
K04,E10,52
K04,F02,27
K04,D03,20
K04,F03,20
K04,F04,27
K04,F05,29
K04,F06,31
K04,F07,34
K04,F09,39
K04,F10,41
K04,F11,44
K04,G01,32
K04,G02,35
K04,G03,38
K04,C10,23
K04,J02,35
K04,J03,41
K04,K01,5
K04,K02,3
K04,K03,2
K04,K05,4
K04,K06,7
K04,K07,11
K04,K08,14
K04,F08,36
K04,B35,28
K04,G05,44
K04,G04,41
K04,N01,12
K04,N02,14
K04,N03,16
K04,N04,18
K04,N06,26
K05,A01,19
K05,C01,19
K05,A02,26
K05,A03,28
K05,A04,30
K05,A05,33
K05,A06,35
K05,A07,37
K05,A08,39
K05,A09,42
K05,A10,44
K05,A11,47
K05,A12,50
K05,A13,53
K05,A14,56
K05,A15,60
K05,B01,26
K05,F01,26
K05,B02,28
K05,B03,30
K05,B04,34
K05,B05,36
K05,B06,39
K05,E06,39
K05,B07,42
K05,B08,45
K05,B09,48
K05,B10,51
K05,B11,55
K05,C02,18
K05,C03,17
K05,C04,15
K05,C05,12
K05,C06,19
K05,C07,22
K05,C08,23
K05,C09,25
K05,C12,32
K05,C13,34
K05,C14,41
K05,C15,42
K05,D01,20
K05,D02,22
K05,D04,26
K05,D05,28
K05,D06,30
K05,D07,32
K05,D08,33
K05,D09,37
K05,D10,39
K05,D11,41
K05,D12,44
K05,D13,47
K05,E01,33
K05,E02,34
K05,E03,36
K05,E04,38
K05,E05,41
K05,E07,47
K05,E08,50
K05,E09,53
K05,E10,56
K05,F02,31
K05,D03,24
K05,F03,24
K05,F04,31
K05,F05,33
K05,F06,35
K05,F07,38
K05,F09,43
K05,F10,45
K05,F11,48
K05,G01,36
K05,G02,39
K05,G03,42
K05,C10,27
K05,J02,39
K05,J03,45
K05,K01,9
K05,K02,7
K05,K03,6
K05,K04,4
K05,K06,3
K05,K07,7
K05,K08,10
K05,F08,40
K05,B35,32
K05,G05,48
K05,G04,45
K05,N01,8
K05,N02,10
K05,N03,12
K05,N04,14
K05,N06,22
K06,A01,22
K06,C01,22
K06,A02,29
K06,A03,31
K06,A04,33
K06,A05,36
K06,A06,38
K06,A07,40
K06,A08,42
K06,A09,45
K06,A10,47
K06,A11,50
K06,A12,53
K06,A13,56
K06,A14,59
K06,A15,63
K06,B01,29
K06,F01,29
K06,B02,31
K06,B03,33
K06,B04,37
K06,B05,39
K06,B06,42
K06,E06,42
K06,B07,45
K06,B08,48
K06,B09,51
K06,B10,54
K06,B11,58
K06,C02,21
K06,C03,20
K06,C04,18
K06,C05,15
K06,C06,22
K06,C07,25
K06,C08,26
K06,C09,28
K06,C12,35
K06,C13,37
K06,C14,44
K06,C15,45
K06,D01,23
K06,D02,25
K06,D04,29
K06,D05,31
K06,D06,33
K06,D07,35
K06,D08,36
K06,D09,40
K06,D10,42
K06,D11,44
K06,D12,47
K06,D13,50
K06,E01,36
K06,E02,37
K06,E03,39
K06,E04,41
K06,E05,44
K06,E07,50
K06,E08,53
K06,E09,56
K06,E10,59
K06,F02,34
K06,D03,27
K06,F03,27
K06,F04,34
K06,F05,36
K06,F06,38
K06,F07,41
K06,F09,46
K06,F10,48
K06,F11,51
K06,G01,44
K06,G02,47
K06,G03,50
K06,C10,30
K06,J02,42
K06,J03,48
K06,K01,12
K06,K02,10
K06,K03,9
K06,K04,7
K06,K05,3
K06,K07,4
K06,K08,7
K06,F08,43
K06,B35,35
K06,G05,56
K06,G04,53
K06,N01,16
K06,N02,18
K06,N03,20
K06,N04,22
K06,N06,30
K07,A01,26
K07,C01,26
K07,A02,33
K07,A03,35
K07,A04,37
K07,A05,40
K07,A06,42
K07,A07,44
K07,A08,46
K07,A09,49
K07,A10,51
K07,A11,54
K07,A12,57
K07,A13,60
K07,A14,63
K07,A15,67
K07,B01,33
K07,F01,33
K07,B02,35
K07,B03,37
K07,B04,41
K07,B05,43
K07,B06,46
K07,E06,46
K07,B07,49
K07,B08,52
K07,B09,55
K07,B10,58
K07,B11,62
K07,C02,25
K07,C03,24
K07,C04,22
K07,C05,19
K07,C06,26
K07,C07,29
K07,C08,30
K07,C09,32
K07,C12,39
K07,C13,41
K07,C14,48
K07,C15,49
K07,D01,27
K07,D02,29
K07,D04,33
K07,D05,35
K07,D06,37
K07,D07,39
K07,D08,40
K07,D09,44
K07,D10,46
K07,D11,48
K07,D12,51
K07,D13,54
K07,E01,40
K07,E02,41
K07,E03,43
K07,E04,45
K07,E05,48
K07,E07,54
K07,E08,57
K07,E09,60
K07,E10,63
K07,F02,38
K07,D03,31
K07,F03,31
K07,F04,38
K07,F05,40
K07,F06,42
K07,F07,45
K07,F09,50
K07,F10,52
K07,F11,55
K07,G01,48
K07,G02,51
K07,G03,54
K07,C10,34
K07,J02,46
K07,J03,52
K07,K01,16
K07,K02,14
K07,K03,13
K07,K04,11
K07,K05,7
K07,K06,4
K07,K08,3
K07,F08,47
K07,B35,39
K07,G05,60
K07,G04,57
K07,N01,20
K07,N02,22
K07,N03,24
K07,N04,26
K07,N06,34
K08,A01,29
K08,C01,29
K08,A02,36
K08,A03,38
K08,A04,40
K08,A05,43
K08,A06,45
K08,A07,47
K08,A08,49
K08,A09,52
K08,A10,54
K08,A11,57
K08,A12,60
K08,A13,63
K08,A14,66
K08,A15,70
K08,B01,36
K08,F01,36
K08,B02,38
K08,B03,40
K08,B04,44
K08,B05,46
K08,B06,49
K08,E06,49
K08,B07,52
K08,B08,55
K08,B09,58
K08,B10,61
K08,B11,65
K08,C02,28
K08,C03,27
K08,C04,25
K08,C05,22
K08,C06,29
K08,C07,32
K08,C08,33
K08,C09,35
K08,C12,42
K08,C13,44
K08,C14,51
K08,C15,52
K08,D01,30
K08,D02,32
K08,D04,36
K08,D05,38
K08,D06,40
K08,D07,42
K08,D08,43
K08,D09,47
K08,D10,49
K08,D11,51
K08,D12,54
K08,D13,57
K08,E01,43
K08,E02,44
K08,E03,46
K08,E04,48
K08,E05,51
K08,E07,57
K08,E08,60
K08,E09,63
K08,E10,66
K08,F02,41
K08,D03,34
K08,F03,34
K08,F04,41
K08,F05,43
K08,F06,45
K08,F07,48
K08,F09,53
K08,F10,55
K08,F11,58
K08,G01,51
K08,G02,54
K08,G03,57
K08,C10,37
K08,J02,49
K08,J03,55
K08,K01,19
K08,K02,17
K08,K03,16
K08,K04,14
K08,K05,10
K08,K06,7
K08,K07,3
K08,F08,50
K08,B35,42
K08,G05,63
K08,G04,60
K08,N01,23
K08,N02,25
K08,N03,27
K08,N04,29
K08,N06,37
F08,A01,21
F08,C01,21
F08,A02,23
F08,A03,25
F08,A04,27
F08,A05,30
F08,A06,32
F08,A07,34
F08,A08,36
F08,A09,39
F08,A10,41
F08,A11,44
F08,A12,47
F08,A13,50
F08,A14,53
F08,A15,57
F08,B01,14
F08,F01,14
F08,B02,21
F08,B03,23
F08,B04,27
F08,B05,29
F08,B06,27
F08,E06,27
F08,B07,35
F08,B08,38
F08,B09,41
F08,B10,44
F08,B11,48
F08,C02,22
F08,C03,23
F08,C04,25
F08,C05,28
F08,C06,29
F08,C07,21
F08,C08,22
F08,C09,24
F08,C12,31
F08,C13,33
F08,C14,35
F08,C15,36
F08,D01,20
F08,D02,18
F08,D04,18
F08,D05,20
F08,D06,22
F08,D07,24
F08,D08,25
F08,D09,29
F08,D10,31
F08,D11,33
F08,D12,36
F08,D13,39
F08,E01,16
F08,E02,17
F08,E03,19
F08,E04,21
F08,E05,24
F08,E07,30
F08,E08,33
F08,E09,36
F08,E10,39
F08,F02,13
F08,D03,11
F08,F03,11
F08,F04,9
F08,F05,7
F08,F06,5
F08,F07,2
F08,F09,3
F08,F10,5
F08,F11,8
F08,G01,28
F08,G02,31
F08,G03,34
F08,C10,26
F08,J02,43
F08,J03,49
F08,K01,31
F08,K02,33
F08,K03,34
F08,K04,36
F08,K05,40
F08,K06,43
F08,K07,47
F08,K08,50
F08,B35,25
F08,G05,40
F08,G04,37
F08,N01,48
F08,N02,50
F08,N03,52
F08,N04,54
F08,N06,62
B35,A01,8
B35,C01,8
B35,A02,10
B35,A03,12
B35,A04,14
B35,A05,17
B35,A06,19
B35,A07,21
B35,A08,23
B35,A09,26
B35,A10,28
B35,A11,31
B35,A12,34
B35,A13,37
B35,A14,40
B35,A15,44
B35,B01,6
B35,F01,6
B35,B02,4
B35,B03,2
B35,B04,2
B35,B05,4
B35,B06,7
B35,E06,7
B35,B07,10
B35,B08,13
B35,B09,16
B35,B10,19
B35,B11,23
B35,C02,14
B35,C03,15
B35,C04,17
B35,C05,20
B35,C06,22
B35,C07,19
B35,C08,20
B35,C09,22
B35,C12,29
B35,C13,31
B35,C14,33
B35,C15,34
B35,D01,14
B35,D02,16
B35,D04,20
B35,D05,22
B35,D06,24
B35,D07,26
B35,D08,27
B35,D09,31
B35,D10,33
B35,D11,35
B35,D12,38
B35,D13,41
B35,E01,13
B35,E02,14
B35,E03,16
B35,E04,18
B35,E05,15
B35,E07,15
B35,E08,18
B35,E09,21
B35,E10,24
B35,F02,12
B35,D03,14
B35,F03,14
B35,F04,16
B35,F05,18
B35,F06,20
B35,F07,23
B35,F09,28
B35,F10,30
B35,F11,33
B35,G01,30
B35,G02,33
B35,G03,36
B35,C10,24
B35,J02,41
B35,J03,47
B35,K01,23
B35,K02,25
B35,K03,26
B35,K04,28
B35,K05,32
B35,K06,35
B35,K07,39
B35,K08,42
B35,F08,25
B35,G05,42
B35,G04,39
B35,N01,40
B35,N02,42
B35,N03,44
B35,N04,46
B35,N06,54
G05,A01,29
G05,C01,29
G05,A02,36
G05,A03,38
G05,A04,40
G05,A05,43
G05,A06,45
G05,A07,47
G05,A08,49
G05,A09,52
G05,A10,54
G05,A11,57
G05,A12,60
G05,A13,63
G05,A14,66
G05,A15,70
G05,B01,32
G05,F01,32
G05,B02,38
G05,B03,40
G05,B04,44
G05,B05,46
G05,B06,45
G05,E06,45
G05,B07,52
G05,B08,55
G05,B09,58
G05,B10,61
G05,B11,65
G05,C02,30
G05,C03,31
G05,C04,33
G05,C05,36
G05,C06,38
G05,C07,34
G05,C08,35
G05,C09,37
G05,C12,44
G05,C13,46
G05,C14,48
G05,C15,49
G05,D01,28
G05,D02,26
G05,D04,22
G05,D05,20
G05,D06,18
G05,D07,16
G05,D08,15
G05,D09,24
G05,D10,26
G05,D11,28
G05,D12,31
G05,D13,34
G05,E01,34
G05,E02,35
G05,E03,37
G05,E04,39
G05,E05,42
G05,E07,48
G05,E08,51
G05,E09,54
G05,E10,57
G05,F02,31
G05,D03,24
G05,F03,24
G05,F04,31
G05,F05,33
G05,F06,35
G05,F07,38
G05,F09,43
G05,F10,45
G05,F11,48
G05,G01,12
G05,G02,9
G05,G03,6
G05,C10,39
G05,J02,56
G05,J03,62
G05,K01,39
G05,K02,41
G05,K03,42
G05,K04,44
G05,K05,48
G05,K06,56
G05,K07,60
G05,K08,63
G05,F08,40
G05,B35,42
G05,G04,3
G05,N01,56
G05,N02,58
G05,N03,60
G05,N04,62
G05,N06,70
G04,A01,26
G04,C01,26
G04,A02,33
G04,A03,35
G04,A04,37
G04,A05,40
G04,A06,42
G04,A07,44
G04,A08,46
G04,A09,49
G04,A10,51
G04,A11,54
G04,A12,57
G04,A13,60
G04,A14,63
G04,A15,67
G04,B01,29
G04,F01,29
G04,B02,35
G04,B03,37
G04,B04,41
G04,B05,43
G04,B06,42
G04,E06,42
G04,B07,49
G04,B08,52
G04,B09,55
G04,B10,58
G04,B11,62
G04,C02,27
G04,C03,28
G04,C04,30
G04,C05,33
G04,C06,35
G04,C07,31
G04,C08,32
G04,C09,34
G04,C12,41
G04,C13,43
G04,C14,45
G04,C15,46
G04,D01,25
G04,D02,23
G04,D04,19
G04,D05,17
G04,D06,15
G04,D07,13
G04,D08,12
G04,D09,21
G04,D10,23
G04,D11,25
G04,D12,28
G04,D13,31
G04,E01,31
G04,E02,32
G04,E03,34
G04,E04,36
G04,E05,39
G04,E07,45
G04,E08,48
G04,E09,51
G04,E10,54
G04,F02,28
G04,D03,21
G04,F03,21
G04,F04,28
G04,F05,30
G04,F06,32
G04,F07,35
G04,F09,40
G04,F10,42
G04,F11,45
G04,G01,9
G04,G02,6
G04,G03,3
G04,C10,36
G04,J02,53
G04,J03,59
G04,K01,36
G04,K02,38
G04,K03,39
G04,K04,41
G04,K05,45
G04,K06,53
G04,K07,57
G04,K08,60
G04,F08,37
G04,B35,39
G04,G05,3
G04,N01,53
G04,N02,55
G04,N03,57
G04,N04,59
G04,N06,67
N01,A01,27
N01,C01,27
N01,A02,34
N01,A03,36
N01,A04,38
N01,A05,41
N01,A06,43
N01,A07,45
N01,A08,47
N01,A09,50
N01,A10,52
N01,A11,55
N01,A12,58
N01,A13,61
N01,A14,64
N01,A15,68
N01,B01,34
N01,F01,34
N01,B02,36
N01,B03,38
N01,B04,42
N01,B05,44
N01,B06,47
N01,E06,47
N01,B07,50
N01,B08,53
N01,B09,56
N01,B10,59
N01,B11,63
N01,C02,26
N01,C03,25
N01,C04,23
N01,C05,20
N01,C06,27
N01,C07,30
N01,C08,31
N01,C09,33
N01,C12,40
N01,C13,42
N01,C14,49
N01,C15,50
N01,D01,28
N01,D02,30
N01,D04,34
N01,D05,36
N01,D06,38
N01,D07,40
N01,D08,41
N01,D09,50
N01,D10,52
N01,D11,54
N01,D12,57
N01,D13,60
N01,E01,41
N01,E02,42
N01,E03,44
N01,E04,46
N01,E05,49
N01,E07,55
N01,E08,58
N01,E09,61
N01,E10,64
N01,F02,39
N01,D03,32
N01,F03,32
N01,F04,39
N01,F05,41
N01,F06,43
N01,F07,46
N01,F09,51
N01,F10,53
N01,F11,56
N01,G01,44
N01,G02,47
N01,G03,50
N01,C10,35
N01,J02,47
N01,J03,53
N01,K01,17
N01,K02,15
N01,K03,14
N01,K04,12
N01,K05,8
N01,K06,16
N01,K07,20
N01,K08,23
N01,F08,48
N01,B35,40
N01,G05,56
N01,G04,53
N01,N02,2
N01,N03,4
N01,N04,6
N01,N06,14
N02,A01,29
N02,C01,29
N02,A02,36
N02,A03,38
N02,A04,40
N02,A05,43
N02,A06,45
N02,A07,47
N02,A08,49
N02,A09,52
N02,A10,54
N02,A11,57
N02,A12,60
N02,A13,63
N02,A14,66
N02,A15,70
N02,B01,36
N02,F01,36
N02,B02,38
N02,B03,40
N02,B04,44
N02,B05,46
N02,B06,49
N02,E06,49
N02,B07,52
N02,B08,55
N02,B09,58
N02,B10,61
N02,B11,65
N02,C02,28
N02,C03,27
N02,C04,25
N02,C05,22
N02,C06,29
N02,C07,32
N02,C08,33
N02,C09,35
N02,C12,42
N02,C13,44
N02,C14,51
N02,C15,52
N02,D01,30
N02,D02,32
N02,D04,36
N02,D05,38
N02,D06,40
N02,D07,42
N02,D08,43
N02,D09,52
N02,D10,54
N02,D11,56
N02,D12,59
N02,D13,62
N02,E01,43
N02,E02,44
N02,E03,46
N02,E04,48
N02,E05,51
N02,E07,57
N02,E08,60
N02,E09,63
N02,E10,66
N02,F02,41
N02,D03,34
N02,F03,34
N02,F04,41
N02,F05,43
N02,F06,45
N02,F07,48
N02,F09,53
N02,F10,55
N02,F11,58
N02,G01,46
N02,G02,49
N02,G03,52
N02,C10,37
N02,J02,49
N02,J03,55
N02,K01,19
N02,K02,17
N02,K03,16
N02,K04,14
N02,K05,10
N02,K06,18
N02,K07,22
N02,K08,25
N02,F08,50
N02,B35,42
N02,G05,58
N02,G04,55
N02,N01,2
N02,N03,2
N02,N04,4
N02,N06,12
N03,A01,31
N03,C01,31
N03,A02,38
N03,A03,40
N03,A04,42
N03,A05,45
N03,A06,47
N03,A07,49
N03,A08,51
N03,A09,54
N03,A10,56
N03,A11,59
N03,A12,62
N03,A13,65
N03,A14,68
N03,A15,72
N03,B01,38
N03,F01,38
N03,B02,40
N03,B03,42
N03,B04,46
N03,B05,48
N03,B06,51
N03,E06,51
N03,B07,54
N03,B08,57
N03,B09,60
N03,B10,63
N03,B11,67
N03,C02,30
N03,C03,29
N03,C04,27
N03,C05,24
N03,C06,31
N03,C07,34
N03,C08,35
N03,C09,37
N03,C12,44
N03,C13,46
N03,C14,53
N03,C15,54
N03,D01,32
N03,D02,34
N03,D04,38
N03,D05,40
N03,D06,42
N03,D07,44
N03,D08,45
N03,D09,54
N03,D10,56
N03,D11,58
N03,D12,61
N03,D13,64
N03,E01,45
N03,E02,46
N03,E03,48
N03,E04,50
N03,E05,53
N03,E07,59
N03,E08,62
N03,E09,65
N03,E10,68
N03,F02,43
N03,D03,36
N03,F03,36
N03,F04,43
N03,F05,45
N03,F06,47
N03,F07,50
N03,F09,55
N03,F10,57
N03,F11,60
N03,G01,48
N03,G02,51
N03,G03,54
N03,C10,39
N03,J02,51
N03,J03,57
N03,K01,21
N03,K02,19
N03,K03,18
N03,K04,16
N03,K05,12
N03,K06,20
N03,K07,24
N03,K08,27
N03,F08,52
N03,B35,44
N03,G05,60
N03,G04,57
N03,N01,4
N03,N02,2
N03,N04,2
N03,N06,10
N04,A01,33
N04,C01,33
N04,A02,40
N04,A03,42
N04,A04,44
N04,A05,47
N04,A06,49
N04,A07,51
N04,A08,53
N04,A09,56
N04,A10,58
N04,A11,61
N04,A12,64
N04,A13,67
N04,A14,70
N04,A15,74
N04,B01,40
N04,F01,40
N04,B02,42
N04,B03,44
N04,B04,48
N04,B05,50
N04,B06,53
N04,E06,53
N04,B07,56
N04,B08,59
N04,B09,62
N04,B10,65
N04,B11,69
N04,C02,32
N04,C03,31
N04,C04,29
N04,C05,26
N04,C06,33
N04,C07,36
N04,C08,37
N04,C09,39
N04,C12,46
N04,C13,48
N04,C14,55
N04,C15,56
N04,D01,34
N04,D02,36
N04,D04,40
N04,D05,42
N04,D06,44
N04,D07,46
N04,D08,47
N04,D09,56
N04,D10,58
N04,D11,60
N04,D12,63
N04,D13,66
N04,E01,47
N04,E02,48
N04,E03,50
N04,E04,52
N04,E05,55
N04,E07,61
N04,E08,64
N04,E09,67
N04,E10,70
N04,F02,45
N04,D03,38
N04,F03,38
N04,F04,45
N04,F05,47
N04,F06,49
N04,F07,52
N04,F09,57
N04,F10,59
N04,F11,62
N04,G01,50
N04,G02,53
N04,G03,56
N04,C10,41
N04,J02,53
N04,J03,59
N04,K01,23
N04,K02,21
N04,K03,20
N04,K04,18
N04,K05,14
N04,K06,22
N04,K07,26
N04,K08,29
N04,F08,54
N04,B35,46
N04,G05,62
N04,G04,59
N04,N01,6
N04,N02,4
N04,N03,2
N04,N06,8
N06,A01,41
N06,C01,41
N06,A02,48
N06,A03,50
N06,A04,52
N06,A05,55
N06,A06,57
N06,A07,59
N06,A08,61
N06,A09,64
N06,A10,66
N06,A11,69
N06,A12,72
N06,A13,75
N06,A14,78
N06,A15,82
N06,B01,48
N06,F01,48
N06,B02,50
N06,B03,52
N06,B04,56
N06,B05,58
N06,B06,61
N06,E06,61
N06,B07,64
N06,B08,67
N06,B09,70
N06,B10,73
N06,B11,77
N06,C02,40
N06,C03,39
N06,C04,37
N06,C05,34
N06,C06,41
N06,C07,44
N06,C08,45
N06,C09,47
N06,C12,54
N06,C13,56
N06,C14,63
N06,C15,64
N06,D01,42
N06,D02,44
N06,D04,48
N06,D05,50
N06,D06,52
N06,D07,54
N06,D08,55
N06,D09,64
N06,D10,66
N06,D11,68
N06,D12,71
N06,D13,74
N06,E01,55
N06,E02,56
N06,E03,58
N06,E04,60
N06,E05,63
N06,E07,69
N06,E08,72
N06,E09,75
N06,E10,78
N06,F02,53
N06,D03,46
N06,F03,46
N06,F04,53
N06,F05,55
N06,F06,57
N06,F07,60
N06,F09,65
N06,F10,67
N06,F11,70
N06,G01,58
N06,G02,61
N06,G03,64
N06,C10,49
N06,J02,61
N06,J03,67
N06,K01,31
N06,K02,29
N06,K03,28
N06,K04,26
N06,K05,22
N06,K06,30
N06,K07,34
N06,K08,37
N06,F08,62
N06,B35,54
N06,G05,70
N06,G04,67
N06,N01,14
N06,N02,12
N06,N03,10
N06,N04,8